time,BTC,ETH,XRP
02-04-2020,6804.42,141.46,0.1785
03-04-2020,6743.68,141.48,0.1798
04-04-2020,6875.95,144.53,0.1816
05-04-2020,6781.64,142.82,0.1795
06-04-2020,7347.22,171.78,0.1985
07-04-2020,7201.57,164.7,0.1929
08-04-2020,7367.37,173.21,0.2023
09-04-2020,7294.55,169.89,0.1983
10-04-2020,6876.49,158.16,0.1878
11-04-2020,6887.6,158.55,0.189
12-04-2020,6913.76,158.81,0.1897
13-04-2020,6859.43,156.81,0.1882
14-04-2020,6879.44,158.64,0.1862
15-04-2020,6629.54,152.94,0.1805
16-04-2020,7114.55,172.6,0.1907
17-04-2020,7037.12,170.79,0.1886
18-04-2020,7264.29,187.85,0.1958
19-04-2020,7132.88,180.32,0.1893
20-04-2020,6842.45,170.65,0.1819
21-04-2020,6855.11,171.03,0.1838
22-04-2020,7135.41,183.02,0.1882
23-04-2020,7489.25,185.73,0.1925
24-04-2020,7509.44,187.66,0.1931
25-04-2020,7546.92,194.41,0.1946
26-04-2020,7701.35,197.62,0.1965
27-04-2020,7787.41,196.71,0.1978
28-04-2020,7760.32,196.88,0.215
29-04-2020,8784.96,215.58,0.2268
30-04-2020,8637.56,206.44,0.2116
01-05-2020,8829.12,212.16,0.2179
02-05-2020,8981.11,214.11,0.2239
03-05-2020,8907.19,210.12,0.2194
04-05-2020,8881.65,206.76,0.2181
05-05-2020,9029.75,205.43,0.2172
06-05-2020,9153.2,199.08,0.2119
07-05-2020,9999.93,212.3,0.2188
08-05-2020,9808.18,211.46,0.2188
09-05-2020,9541.13,210.19,0.2165
10-05-2020,8735.05,187.72,0.1975
11-05-2020,8568.88,185.77,0.1932
12-05-2020,8821.18,190.1,0.1972
13-05-2020,9317.44,199.86,0.2019
14-05-2020,9793.19,203.31,0.204
15-05-2020,9311.69,194.71,0.1979
16-05-2020,9387.08,200.6,0.1996
17-05-2020,9670.56,206.76,0.2013
18-05-2020,9722.73,214.68,0.2054
19-05-2020,9780.2,214.68,0.2051
20-05-2020,9509.45,209.87,0.2016
21-05-2020,9059.11,198.56,0.1941
22-05-2020,9170.74,207.35,0.2002
23-05-2020,9186.19,206.78,0.1989
24-05-2020,8718.49,199.91,0.1928
25-05-2020,8901.48,204.2,0.1963
26-05-2020,8844.5,201.04,0.1936
27-05-2020,9204.62,208.3,0.1981
28-05-2020,9579.71,220.33,0.2003
29-05-2020,9424.62,220.63,0.1975
30-05-2020,9699.78,243.66,0.207
31-05-2020,9450.47,231.54,0.2024
01-06-2020,10211.23,248.44,0.2111
02-06-2020,9523.75,237.81,0.2032
03-06-2020,9666.06,244.65,0.204
04-06-2020,9794.55,243.35,0.2044
05-06-2020,9622.02,240.08,0.2026
06-06-2020,9671.46,242.08,0.2037
07-06-2020,9750.7,244.75,0.2033
08-06-2020,9782.58,246.47,0.2042
09-06-2020,9779.7,244,0.2014
10-06-2020,9891.84,248.01,0.2029
11-06-2020,9268.13,230.21,0.188
12-06-2020,9464.23,237.54,0.1931
13-06-2020,9474.65,238.21,0.1924
14-06-2020,9333.7,231.61,0.1901
15-06-2020,9429.65,230.98,0.1925
16-06-2020,9526.7,235.35,0.1924
17-06-2020,9459.13,233.74,0.1931
18-06-2020,9380.67,231.14,0.1897
19-06-2020,9301.83,228.83,0.1871
20-06-2020,9359.18,228.93,0.1879
21-06-2020,9292.81,227.95,0.1858
22-06-2020,9691.61,243.3,0.1895
23-06-2020,9624.3,243.11,0.1888
24-06-2020,9292.94,234.56,0.1834
25-06-2020,9241.32,232.35,0.1814
26-06-2020,9158.07,229.5,0.1824
27-06-2020,9007.14,220.77,0.1751
28-06-2020,9120.39,224.82,0.1769
29-06-2020,9187.07,227.84,0.1773
30-06-2020,9136.47,225.49,0.1752
01-07-2020,9238.89,231.06,0.1765
02-07-2020,9092.8,226.59,0.1749
03-07-2020,9066.46,225.12,0.1764
04-07-2020,9142.2,229.19,0.1781
05-07-2020,9081.44,228.03,0.1772
06-07-2020,9347.05,241.81,0.1889
07-07-2020,9257.32,239.39,0.1852
08-07-2020,9439.2,247.02,0.2056
09-07-2020,9238.95,242.15,0.2026
10-07-2020,9288.57,241.22,0.1989
11-07-2020,9237.13,239.24,0.2012
12-07-2020,9300.95,242.66,0.2012
13-07-2020,9237.89,239.54,0.1986
14-07-2020,9256.07,240.47,0.199
15-07-2020,9193.22,238.47,0.1971
16-07-2020,9133.23,233.61,0.1943
17-07-2020,9156.79,232.77,0.1945
18-07-2020,9177.22,235.85,0.1998
19-07-2020,9216.02,239.16,0.1996
20-07-2020,9164.42,236.17,0.1948
21-07-2020,9392.83,245.87,0.1996
22-07-2020,9537.24,264.18,0.2039
23-07-2020,9615.21,275.65,0.2086
24-07-2020,9550.23,279.6,0.2043
25-07-2020,9708.41,305.67,0.2149
26-07-2020,9942.01,311.47,0.2154
27-07-2020,11042.94,322.23,0.2246
28-07-2020,10933.26,317.5,0.2308
29-07-2020,11112.04,318.14,0.2435
30-07-2020,11113.66,335.3,0.2445
31-07-2020,11352.72,346.94,0.2599
01-08-2020,11812.42,387.45,0.2913
02-08-2020,11063.5,371.93,0.2878
03-08-2020,11234.73,386.25,0.3103
04-08-2020,11194.18,389.79,0.3015
05-08-2020,11752.05,400.98,0.3027
06-08-2020,11771.27,395.04,0.3033
07-08-2020,11603.82,379.57,0.2947
08-08-2020,11770.77,397.56,0.2953
09-08-2020,11686.34,390.28,0.288
10-08-2020,11897.41,395.71,0.2947
11-08-2020,11389.01,378.94,0.283
12-08-2020,11570.19,387.19,0.2824
13-08-2020,11790.68,424.97,0.2949
14-08-2020,11774.52,438.51,0.3004
15-08-2020,11860.91,432.57,0.2992
16-08-2020,11917.97,433.85,0.3046
17-08-2020,12301.19,431.26,0.3157
18-08-2020,11956.69,422.19,0.3027
19-08-2020,11760.37,407.85,0.2899
20-08-2020,11863.43,416.04,0.2924
21-08-2020,11527.35,387.98,0.2792
22-08-2020,11670.42,395.46,0.2862
23-08-2020,11651.52,390.72,0.2849
24-08-2020,11756.4,408.03,0.2887
25-08-2020,11330.56,383.34,0.2767
26-08-2020,11466.89,386.02,0.2765
27-08-2020,11331.02,382.99,0.2646
28-08-2020,11535.21,395.54,0.2719
29-08-2020,11480.48,398.95,0.2741
30-08-2020,11716.54,429.18,0.2831
31-08-2020,11657.81,434.14,0.2814
01-09-2020,11926.69,475.99,0.2955
02-09-2020,11397.9,439.83,0.2762
03-09-2020,10174.62,382.46,0.2449
04-09-2020,10467.33,385.91,0.2545
05-09-2020,10167.97,335.24,0.2375
06-09-2020,10260.37,352.69,0.2399
07-09-2020,10379.08,353.7,0.2422
08-09-2020,10128.54,337.45,0.2366
09-09-2020,10228.85,351.15,0.2392
10-09-2020,10345.68,368.09,0.2432
11-09-2020,10398.5,373.99,0.2427
12-09-2020,10448,388.04,0.2476
13-09-2020,10332.36,366.28,0.2422
14-09-2020,10678.31,377.26,0.2457
15-09-2020,10786.7,364.16,0.2433
16-09-2020,10957.1,365.09,0.2468
17-09-2020,10945.14,389.54,0.2523
18-09-2020,10937.89,384.47,0.2508
19-09-2020,11083.61,385.27,0.2512
20-09-2020,10921.85,371.02,0.2465
21-09-2020,10418.14,340.19,0.2309
22-09-2020,10534.73,344.25,0.2331
23-09-2020,10238.09,320.19,0.2215
24-09-2020,10742.98,349.18,0.2329
25-09-2020,10694.12,352.02,0.2415
26-09-2020,10734.23,354.23,0.2416
27-09-2020,10781.47,357.73,0.2433
28-09-2020,10699,354.01,0.241
29-09-2020,10841.29,359.92,0.2428
30-09-2020,10779.42,359.82,0.2418
01-10-2020,10622.79,353.21,0.2381
02-10-2020,10576.64,345.83,0.2341
03-10-2020,10552.04,346.32,0.2329
04-10-2020,10675.52,352.61,0.248
05-10-2020,10795.11,353.76,0.2503
06-10-2020,10603.9,340.85,0.2456
07-10-2020,10672.67,341.91,0.2488
08-10-2020,10929.4,351.2,0.2514
09-10-2020,11058.78,365.41,0.2532
10-10-2020,11301.57,370.88,0.2542
11-10-2020,11375.51,374.37,0.2555
12-10-2020,11539.76,386.91,0.2563
13-10-2020,11427.29,381.41,0.2568
14-10-2020,11429.3,379.11,0.2493
15-10-2020,11508.31,377.7,0.2461
16-10-2020,11326.25,365.58,0.2402
17-10-2020,11367.65,368.65,0.2407
18-10-2020,11513.33,378.44,0.2423
19-10-2020,11756.88,379.41,0.2457
20-10-2020,11921.78,368.74,0.2435
21-10-2020,12813.11,391.46,0.2514
22-10-2020,12990.25,414.5,0.2575
23-10-2020,12937.2,409.57,0.255
24-10-2020,13126.13,412.55,0.2564
25-10-2020,13041.21,406.36,0.2533
26-10-2020,13069.43,393.11,0.2484
27-10-2020,13646.02,403.74,0.2528
28-10-2020,13285.97,388.77,0.2458
29-10-2020,13462.18,387.54,0.2424
30-10-2020,13565.95,382.76,0.2393
31-10-2020,13803.41,386.77,0.2399
01-11-2020,13761.72,396.75,0.24
02-11-2020,13571.24,383.61,0.2356
03-11-2020,14023.78,388.18,0.2395
04-11-2020,14157.73,402.66,0.2379
05-11-2020,15599.92,416.89,0.2458
06-11-2020,15590.62,456.32,0.2589
07-11-2020,14838.16,435.82,0.2494
08-11-2020,15488.25,454.74,0.2538
09-11-2020,15335.03,444.45,0.2506
10-11-2020,15313.73,450.86,0.2542
11-11-2020,15707.08,463.91,0.2562
12-11-2020,16306.53,462.78,0.255
13-11-2020,16332.85,476.87,0.266
14-11-2020,16075.95,461.03,0.2685
15-11-2020,15964.7,448.51,0.2697
16-11-2020,16721.46,461.01,0.2881
17-11-2020,17681.54,482.71,0.3027
18-11-2020,17786.27,478.76,0.2936
19-11-2020,17824.64,471.82,0.3042
20-11-2020,18672.78,510.43,0.3303
21-11-2020,18704.06,552.26,0.4631
22-11-2020,18430.59,560.01,0.4461
23-11-2020,18385.74,609.13,0.6175
24-11-2020,19157.16,604.98,0.694
25-11-2020,18725.76,569.4,0.6308
26-11-2020,17175.86,520.22,0.5374
27-11-2020,17155,518.83,0.5626
28-11-2020,17739.9,537.99,0.6269
29-11-2020,18199.23,576,0.6057
30-11-2020,19686.87,616.14,0.6649
01-12-2020,18792.03,586.23,0.6115
02-12-2020,19226.19,598.26,0.631
03-12-2020,19448.44,616.55,0.6311
04-12-2020,18665,567.67,0.554
05-12-2020,19156.84,596.93,0.5856
06-12-2020,19378.94,602.3,0.6218
07-12-2020,19181.41,591.36,0.6083
08-12-2020,18323.52,554.82,0.5589
09-12-2020,18549.92,573.44,0.5832
10-12-2020,18250.47,558.36,0.572
11-12-2020,18034.86,544.14,0.5607
12-12-2020,18814.98,568.26,0.5067
13-12-2020,19169.05,590.72,0.5132
14-12-2020,19274.69,586.35,0.4975
15-12-2020,19441.96,589.17,0.4686
16-12-2020,21352.13,637.74,0.5707
17-12-2020,22822.17,643.16,0.5779
18-12-2020,23135.57,654.55,0.5841
19-12-2020,23844.72,658.7,0.5777
20-12-2020,23467.06,638.17,0.5562
21-12-2020,22727.13,607.9,0.5145
22-12-2020,23823.32,637.23,0.4464
23-12-2020,23239.5,585.25,0.2606
24-12-2020,23724.2,612.32,0.3382
25-12-2020,24707.98,626.83,0.3179
26-12-2020,26445.7,636.07,0.2943
27-12-2020,26249.27,683.98,0.2834
28-12-2020,27039.45,729.59,0.2477
29-12-2020,27360.78,731.55,0.2211
30-12-2020,28889.61,752.53,0.2115
31-12-2020,28972.4,737.15,0.2195
01-01-2021,29388.94,730.6,0.2379
02-01-2021,32203.64,774.9,0.2212
03-01-2021,33063.48,978.69,0.2254
04-01-2021,32030.55,1043.16,0.236
05-01-2021,34038.29,1103.19,0.2262
06-01-2021,36849.86,1210.59,0.2492
07-01-2021,39479.41,1225.5,0.324
08-01-2021,40636.24,1216.98,0.3209
09-01-2021,40236.66,1279.96,0.3257
10-01-2021,38202.08,1255.72,0.3151
11-01-2021,35496.03,1088.37,0.2879
12-01-2021,34058.4,1050.04,0.2923
13-01-2021,37380.85,1129.84,0.3056
14-01-2021,39155.58,1232.11,0.2962
15-01-2021,36790.17,1169.06,0.2802
16-01-2021,36025.26,1228.52,0.2794
17-01-2021,35839.51,1233.73,0.2774
18-01-2021,36623.04,1258.31,0.2855
19-01-2021,35932.79,1367.65,0.2942
20-01-2021,35501.38,1377.75,0.2954
21-01-2021,30840.3,1111.49,0.2678
22-01-2021,33008.02,1234.56,0.273
23-01-2021,32107.29,1234.1,0.2718
24-01-2021,32283.66,1392.45,0.2735
25-01-2021,32275.27,1318.47,0.2677
26-01-2021,32516.52,1368.22,0.2682
27-01-2021,30423.05,1241.51,0.2513
28-01-2021,33443.87,1330.78,0.2647
29-01-2021,34252.08,1379.13,0.2831
30-01-2021,34317.82,1379.35,0.4446
31-01-2021,33143.22,1314.18,0.4957
01-02-2021,33535.94,1374.57,0.3721
02-02-2021,35524.43,1513.9,0.373
03-02-2021,37677.34,1667.22,0.3977
04-02-2021,36983.42,1597.44,0.4455
05-02-2021,38310.24,1721.48,0.4524
06-02-2021,39267.01,1679.14,0.4434
07-02-2021,38868.82,1614.64,0.419
08-02-2021,46437.41,1752.87,0.4518
09-02-2021,46509.57,1772.05,0.4767
10-02-2021,44854.95,1743,0.5056
11-02-2021,48006.18,1787.69,0.5286
12-02-2021,47435.54,1844.84,0.6102
13-02-2021,47222.32,1817.48,0.6336
14-02-2021,48652.87,1802.96,0.5931
15-02-2021,47936.51,1779.4,0.5502
16-02-2021,49184.63,1782.83,0.52
17-02-2021,52154.91,1851.14,0.5341
18-02-2021,51591.61,1939.61,0.5319
19-02-2021,55933.47,1957.47,0.5643
20-02-2021,55900.84,1915.12,0.5123
21-02-2021,57469.95,1935.14,0.5449
22-02-2021,54121.17,1778.07,0.5659
23-02-2021,48898.7,1578.19,0.4763
24-02-2021,49738.17,1625.17,0.4695
25-02-2021,47082.87,1481.88,0.4358
26-02-2021,46324.5,1446.1,0.4283
27-02-2021,46191.39,1460.23,0.4366
28-02-2021,45261.03,1422.58,0.416
01-03-2021,49635.07,1571.49,0.4457
02-03-2021,48501.21,1488.67,0.4363
03-03-2021,50392.55,1568.65,0.4487
04-03-2021,48363.74,1538.37,0.481
05-03-2021,48775.37,1529.75,0.4554
06-03-2021,48892.8,1651.48,0.4628
07-03-2021,50964.18,1726.33,0.4655
08-03-2021,52405.02,1834.48,0.4739
09-03-2021,54928.7,1872.1,0.4856
10-03-2021,55893.31,1795.63,0.4622
11-03-2021,57809.41,1827.06,0.4523
12-03-2021,57256.22,1767.77,0.4397
13-03-2021,61179.79,1921.18,0.4579
14-03-2021,58998.89,1848.69,0.4397
15-03-2021,55665.01,1794.83,0.4361
16-03-2021,56925.01,1805.64,0.4603
17-03-2021,58909,1823.03,0.4697
18-03-2021,57643.32,1776.16,0.4693
19-03-2021,58060.21,1809.76,0.4667
20-03-2021,58101.34,1805.49,0.5256
21-03-2021,57374.95,1783.94,0.5171
22-03-2021,54095.36,1682.05,0.5444
23-03-2021,54355.45,1668.69,0.5498
24-03-2021,52303.02,1583.24,0.4802
25-03-2021,51336.09,1586.98,0.5117
26-03-2021,55055.43,1699.89,0.5635
27-03-2021,55863.73,1713.94,0.548
28-03-2021,55781.01,1686.74,0.5461
29-03-2021,57626.1,1816.48,0.5655
30-03-2021,58781.54,1841.4,0.5627
31-03-2021,58793.8,1919.08,0.57
01-04-2021,58730.82,1967.67,0.5705
02-04-2021,58987.8,2134.46,0.6068
03-04-2021,57074.97,2009.19,0.579
04-04-2021,58219.43,2076.62,0.6347
05-04-2021,59119.56,2107.73,0.9141
06-04-2021,58010.35,2112.29,1.095
07-04-2021,55951.98,1964.18,0.9163
08-04-2021,58084.46,2081.11,1.058
09-04-2021,58106.85,2066.55,1.018
10-04-2021,59784.8,2133.82,1.372
11-04-2021,59980.45,2150.54,1.352
12-04-2021,59845.76,2137.79,1.468
13-04-2021,63558.48,2298.66,1.796
14-04-2021,62964.27,2431.86,1.837
15-04-2021,63233.03,2517.08,1.759
16-04-2021,61416.41,2425.96,1.55
17-04-2021,60056.07,2318.01,1.54
18-04-2021,56246.82,2240.96,1.411
19-04-2021,55680.11,2163.36,1.311
20-04-2021,56496.06,2332.45,1.387
21-04-2021,53803.25,2357.59,1.291
22-04-2021,51717.61,2401.35,1.157
23-04-2021,51178.03,2369.67,1.171
24-04-2021,50115.99,2216.56,1.052
25-04-2021,49120.97,2322.14,1.034
26-04-2021,54062.29,2534.9,1.367
27-04-2021,55073.48,2667.93,1.403
28-04-2021,54877.94,2750.91,1.359
29-04-2021,53581.58,2758.46,1.399
30-04-2021,57757.97,2775.96,1.599
01-05-2021,57843.16,2947.8,1.652
02-05-2021,56623.51,2951.98,1.562
03-05-2021,57195.07,3431.41,1.555
04-05-2021,53244.07,3241.09,1.389
05-05-2021,57506.88,3528.86,1.616
06-05-2021,56441.94,3491.74,1.604
07-05-2021,57374.33,3483.96,1.582
08-05-2021,58943.13,3916.25,1.563
09-05-2021,58294.18,3927.06,1.536
10-05-2021,55870.01,3949.77,1.391
11-05-2021,56747.52,4178.02,1.481
12-05-2021,49504.08,3811.29,1.269
13-05-2021,49700.6,3718.99,1.363
14-05-2021,49887.96,4080.13,1.403
15-05-2021,46775.29,3644.04,1.491
16-05-2021,46490.71,3586.18,1.451
17-05-2021,43552.14,3280.73,1.495
18-05-2021,42886.02,3377.65,1.592
19-05-2021,36771.87,2442.89,1.062
20-05-2021,40597.4,2772.84,1.181
21-05-2021,37350.39,2435.86,1.009
22-05-2021,37491.5,2297.03,0.9065
23-05-2021,34716.84,2098.57,0.7919
24-05-2021,38837.76,2648.77,0.9933
25-05-2021,38387.36,2707.49,0.9743
26-05-2021,39295.08,2888.94,1.033
27-05-2021,38538.84,2742.48,0.9726
28-05-2021,35680.92,2412.36,0.8994
29-05-2021,34611.58,2278.58,0.8316
30-05-2021,35662.59,2386.91,0.9062
31-05-2021,37290.83,2707.38,1.042
01-06-2021,36683.51,2634.23,1.01
02-06-2021,37576.98,2706.52,1.025
03-06-2021,39229.66,2856.01,1.045
04-06-2021,36861.5,2691.17,0.9691
05-06-2021,35538.4,2629.76,0.9231
06-06-2021,35798.57,2710.99,0.9456
07-06-2021,33582.86,2593.12,0.8625
08-06-2021,33409.38,2509.23,0.8751
09-06-2021,37391.58,2610.64,0.9218
10-06-2021,36680.78,2471.56,0.8687
11-06-2021,37339.98,2355.09,0.8471
12-06-2021,35541.78,2369.62,0.8314
13-06-2021,39017.37,2509.7,0.8839
14-06-2021,40526.63,2582.12,0.8907
15-06-2021,40161.86,2543.6,0.8668
16-06-2021,38345.41,2367.7,0.8315
17-06-2021,38082.3,2372.31,0.8414
18-06-2021,35830.29,2233.57,0.797
19-06-2021,35515.38,2166.61,0.7603
20-06-2021,35602.26,2243.6,0.7744
21-06-2021,31652.62,1887.89,0.6076
22-06-2021,32537.58,1880.83,0.5465
23-06-2021,33678.64,1968.56,0.6385
24-06-2021,34649.84,1989.01,0.6719
25-06-2021,31593.86,1810.27,0.6123
26-06-2021,32307.35,1830.94,0.6158
27-06-2021,34713.81,1983.33,0.6485
28-06-2021,34487.11,2083.8,0.644
29-06-2021,35901.41,2165.61,0.7056
30-06-2021,35056.39,2276.14,0.7059
01-07-2021,33543.11,2109.29,0.6601
02-07-2021,33804.54,2155.65,0.6569
03-07-2021,34682.84,2227.18,0.6732
04-07-2021,35287.97,2323.27,0.6958
05-07-2021,33702.79,2196.71,0.6533
06-07-2021,34237.66,2322.63,0.6652
07-07-2021,33880.79,2317.12,0.652
08-07-2021,32874.01,2114.51,0.6229
09-07-2021,33804.2,2145.67,0.6368
10-07-2021,33515.13,2110.47,0.6251
11-07-2021,34249.3,2140.45,0.6359
12-07-2021,33088.51,2032.88,0.6296
13-07-2021,32737.47,1940.61,0.6195
14-07-2021,32820.5,1994.22,0.6202
15-07-2021,31867.46,1918.17,0.5969
16-07-2021,31401.76,1877.05,0.5897
17-07-2021,31546.64,1899.96,0.5821
18-07-2021,31806.3,1891.96,0.5877
19-07-2021,30847.55,1818.6,0.5574
20-07-2021,29795.55,1786.52,0.529
21-07-2021,32139.48,1994.98,0.5711
22-07-2021,32299.47,2024.74,0.5924
23-07-2021,33637.92,2125.57,0.6095
24-07-2021,34282.56,2185.98,0.6095
25-07-2021,35369.93,2194.34,0.6069
26-07-2021,37269.52,2228.67,0.625
27-07-2021,39496.69,2301.98,0.6455
28-07-2021,40030.01,2301.12,0.7339
29-07-2021,40030.52,2383.24,0.7495
30-07-2021,42231.83,2463.61,0.7524
31-07-2021,41474.72,2531.75,0.7456
01-08-2021,39870.76,2556.41,0.7245
02-08-2021,39158.53,2608.44,0.739
03-08-2021,38189.3,2508.21,0.7132
04-08-2021,39738.56,2725.72,0.7308
05-08-2021,40888.18,2829.23,0.7336
06-08-2021,42852.18,2892.36,0.7473
07-08-2021,44617.96,3162.43,0.817
08-08-2021,43827.75,3013.75,0.7795
09-08-2021,46292.61,3164.94,0.8178
10-08-2021,45601.03,3141.67,0.8517
11-08-2021,45556.69,3163.42,1.012
12-08-2021,44425.52,3047.29,0.966
13-08-2021,47832.93,3324.26,1.091
14-08-2021,47102.03,3266.71,1.281
15-08-2021,47015.94,3311.12,1.285
16-08-2021,45927.4,3147.63,1.186
17-08-2021,44684.43,3011.96,1.098
18-08-2021,44714.54,3013.52,1.145
19-08-2021,46761.49,3184.74,1.234
20-08-2021,49336.45,3286.5,1.264
21-08-2021,48867.87,3226.59,1.217
22-08-2021,49289.71,3241.65,1.227
23-08-2021,49521.06,3322.71,1.247
24-08-2021,47690.54,3172.57,1.136
25-08-2021,48996.44,3228.86,1.175
26-08-2021,46852.22,3093.62,1.073
27-08-2021,49088.1,3275.87,1.191
28-08-2021,48918.9,3246.78,1.145
29-08-2021,48794.26,3225.3,1.141
30-08-2021,46993.31,3228.46,1.101
31-08-2021,47159.26,3435.17,1.187
01-09-2021,48840.01,3829.18,1.237
02-09-2021,49280.77,3787.7,1.254
03-09-2021,50019.51,3939.79,1.291
04-09-2021,49935.29,3887.01,1.256
05-09-2021,51784.16,3952.33,1.307
06-09-2021,52693.32,3928.4,1.391
07-09-2021,46856.31,3433.48,1.127
08-09-2021,46073.45,3499.69,1.099
09-09-2021,46392.85,3424.24,1.087
10-09-2021,44853.1,3209.41,1.055
11-09-2021,45166.12,3266.43,1.079
12-09-2021,46049.72,3405.32,1.119
13-09-2021,44958.56,3285.4,1.064
14-09-2021,47129.01,3436.05,1.097
15-09-2021,48148.45,3615.22,1.121
16-09-2021,47764.47,3569.26,1.091
17-09-2021,47297.98,3398.82,1.066
18-09-2021,48312.46,3435.76,1.076
19-09-2021,47251.76,3328.85,1.049
20-09-2021,42925.46,2966.51,0.9208
21-09-2021,40709.59,2760.2,0.8738
22-09-2021,43576.15,3078.88,1.004
23-09-2021,44893.87,3154.62,1.002
24-09-2021,42848.41,2930.86,0.9449
25-09-2021,42721.91,2925.34,0.9415
26-09-2021,43201.79,3064.21,0.9448
27-09-2021,42187.51,2927.73,0.9229
28-09-2021,41056.79,2807.44,0.8939
29-09-2021,41539.43,2850.87,0.9279
30-09-2021,43829.34,3000.83,0.953
01-10-2021,48164.35,3310.63,1.043
02-10-2021,47669.02,3389.48,1.037
03-10-2021,48234.05,3420.14,1.055
04-10-2021,49276.91,3384.5,1.043
05-10-2021,51504.27,3516.09,1.085
06-10-2021,55345.85,3576.08,1.078
07-10-2021,53797.21,3588.12,1.068
08-10-2021,53949.29,3562.84,1.063
09-10-2021,54968.04,3576.4,1.16
10-10-2021,54700.24,3416.49,1.136
11-10-2021,57498.8,3544.14,1.137
12-10-2021,56010.9,3490.61,1.102
13-10-2021,57369,3607.55,1.128
14-10-2021,57359.21,3791.23,1.134
15-10-2021,61684.96,3868.16,1.141
16-10-2021,60877.77,3829.61,1.134
17-10-2021,61520.54,3846.66,1.094
18-10-2021,62038.16,3746.14,1.083
19-10-2021,64283.97,3877.45,1.091
20-10-2021,66021.02,4162.49,1.145
21-10-2021,62283.96,4062.76,1.089
22-10-2021,60693.59,3971.95,1.089
23-10-2021,61313.09,4168.96,1.094
24-10-2021,60863.56,4082.08,1.082
25-10-2021,63089.04,4220.26,1.095
26-10-2021,60315.68,4129.95,1.107
27-10-2021,58464.42,3924.31,0.9954
28-10-2021,60610.11,4288.22,1.058
29-10-2021,62282.5,4417.4,1.082
30-10-2021,61891.91,4323.94,1.085
31-10-2021,61349.75,4290.1,1.113
01-11-2021,60960.98,4322.79,1.093
02-11-2021,63260.05,4593.15,1.135
03-11-2021,62929.93,4604.4,1.21
04-11-2021,61448.47,4536.99,1.202
05-11-2021,61019.66,4480.09,1.16
06-11-2021,61529.76,4521.41,1.152
07-11-2021,63302.78,4617.13,1.22
08-11-2021,67549.14,4810.97,1.283
09-11-2021,66939.24,4732.07,1.257
10-11-2021,64926.06,4632.98,1.192
11-11-2021,64820.8,4722.68,1.215
12-11-2021,64156.3,4668.7,1.189
13-11-2021,64409.56,4645.64,1.189
14-11-2021,65509.06,4627.5,1.188
15-11-2021,63614.06,4561.38,1.172
16-11-2021,60108.9,4210.14,1.089
17-11-2021,60365.6,4289.75,1.096
18-11-2021,56930.68,3998.17,1.042
19-11-2021,58136.22,4299.27,1.091
20-11-2021,59769.66,4415.72,1.098
21-11-2021,58700.83,4264.61,1.061
22-11-2021,56303.06,4090.46,1.038
23-11-2021,57566.6,4341.17,1.067
24-11-2021,57175.09,4271.96,1.034
25-11-2021,58966.99,4523.8,1.043
26-11-2021,53788.22,4042.55,0.9384
27-11-2021,54805.03,4100.3,0.946
28-11-2021,57331.41,4297.92,0.969
29-11-2021,57839.55,4448.49,0.9905
30-11-2021,56975.35,4631.1,0.999
01-12-2021,57227.97,4587.74,0.9905
02-12-2021,56522.76,4514.8,0.9731
03-12-2021,53663.25,4219.32,0.9225
04-12-2021,49243.39,4124.26,0.8479
05-12-2021,49465.5,4201.09,0.805
06-12-2021,50552.83,4357.17,0.8277
07-12-2021,50633.01,4309.7,0.8162
08-12-2021,50513.04,4439.98,0.8624
09-12-2021,47593.85,4111.92,0.8594
10-12-2021,47191.14,3902.49,0.7994
11-12-2021,49398.4,4088.68,0.8387
12-12-2021,50109.99,4135.31,0.8404
13-12-2021,46731.03,3785.08,0.7819
14-12-2021,48387.69,3862.18,0.8117
15-12-2021,48885.05,4020.19,0.8273
16-12-2021,47635.92,3957.03,0.8054
17-12-2021,46164.14,3876.37,0.7969
18-12-2021,46861.62,3961.96,0.8265
19-12-2021,46697.13,3924.55,0.8349
20-12-2021,46913.54,3945.57,0.8788
21-12-2021,48917.48,4017.7,0.9472
22-12-2021,48614.97,3981.26,0.9541
23-12-2021,50830.2,4112.35,0.9938
24-12-2021,50840.36,4047.87,0.9115
25-12-2021,50431.63,4097.06,0.9258
26-12-2021,50790.88,4063.44,0.9207
27-12-2021,50714.73,4037.87,0.9268
28-12-2021,47536.39,3793.54,0.852
29-12-2021,46471.7,3629.31,0.8167
30-12-2021,47129.66,3710.08,0.8389
31-12-2021,46197.31,3675.79,0.8292
01-01-2022,47737.35,3766.74,0.8501
02-01-2022,47306.41,3830.92,0.8592
03-01-2022,46450.79,3765.16,0.8324
04-01-2022,45824.54,3785.67,0.8229
05-01-2022,43432.51,3536.77,0.7728
06-01-2022,43094.54,3406.48,0.78
07-01-2022,41543.79,3196.47,0.7627
08-01-2022,41686.67,3080.81,0.7453
09-01-2022,41869.6,3150.83,0.7529
10-01-2022,41832.59,3083.68,0.7402
11-01-2022,42743.03,3240.32,0.7703
12-01-2022,43919.67,3373.03,0.7989
13-01-2022,42575.61,3242.26,0.7678
14-01-2022,43089.83,3309.66,0.7734
15-01-2022,43088.74,3328.63,0.7796
16-01-2022,43100.36,3349.61,0.7785
17-01-2022,42224.38,3210.9,0.7623
18-01-2022,42372.75,3161.5,0.7517
19-01-2022,41674.8,3084.78,0.7382
20-01-2022,40697.03,3002.43,0.7197
21-01-2022,36469.3,2569.59,0.6373
22-01-2022,35075.92,2412.23,0.597
23-01-2022,36288.15,2541.6,0.629
24-01-2022,36702.79,2442.27,0.6121
25-01-2022,36975.99,2459.65,0.6176
26-01-2022,36829.37,2464.13,0.6197
27-01-2022,37189.85,2425.83,0.6085
28-01-2022,37744.7,2547.03,0.6116
29-01-2022,38184.86,2603.1,0.6175
30-01-2022,37908.44,2603.24,0.6019
31-01-2022,38494.66,2689.14,0.6175
01-02-2022,38721.49,2790.15,0.6286
02-02-2022,36918.19,2681.11,0.6012
03-02-2022,37328.64,2697.18,0.6099
04-02-2022,41590.34,2997.18,0.6558
05-02-2022,41418.21,3015.26,0.6664
06-02-2022,42412.41,3057.68,0.6837
07-02-2022,43861.07,3141.38,0.8318
08-02-2022,44080.12,3118.76,0.8759
09-02-2022,44422.91,3246.72,0.8701
10-02-2022,43531.67,3074.84,0.8256
11-02-2022,42398.98,2928.93,0.7596
12-02-2022,42239.01,2918.34,0.8226
13-02-2022,42069.84,2872.44,0.8061
14-02-2022,42552.28,2931.12,0.8015
15-02-2022,44576.33,3185.81,0.8524
16-02-2022,43896.34,3124.33,0.8371
17-02-2022,40545.09,2894.42,0.7677
18-02-2022,39994.66,2780.72,0.785
19-02-2022,40107.12,2764.5,0.8218
20-02-2022,38397.25,2622.7,0.7767
21-02-2022,37037.39,2570.15,0.7019
22-02-2022,38267.75,2638.81,0.7215
23-02-2022,37270.85,2580.97,0.6962
24-02-2022,38353.62,2597.94,0.6963
25-02-2022,39239.77,2769,0.7698
26-02-2022,39134.83,2780.32,0.751
27-02-2022,37714.96,2617.32,0.7217
28-02-2022,43189.46,2919.85,0.7819
01-03-2022,44428.47,2976.59,0.7844
02-03-2022,43935.37,2949.03,0.7692
03-03-2022,42474.37,2833.71,0.7521
04-03-2022,39154.4,2622.51,0.7126
05-03-2022,39407.02,2666.18,0.7542
06-03-2022,38428.92,2552.58,0.7249
07-03-2022,38030.63,2496.67,0.7205
08-03-2022,38748.52,2579.18,0.721
09-03-2022,41962.85,2733.05,0.7659
10-03-2022,39443.42,2608.64,0.7364
11-03-2022,38741.03,2557.57,0.8028
12-03-2022,38805.53,2569.87,0.786
13-03-2022,37796.31,2516.83,0.7604
14-03-2022,39696.28,2591.45,0.7749
15-03-2022,39314.86,2619.61,0.7661
16-03-2022,41133.64,2775.15,0.7927
17-03-2022,40956.79,2814.64,0.794
18-03-2022,41790.97,2941.32,0.7969
19-03-2022,42235.02,2952.64,0.82
20-03-2022,41243.16,2861.26,0.8055
21-03-2022,41043.9,2895.01,0.8384
22-03-2022,42380.11,2970.47,0.837
23-03-2022,42904.1,3037.3,0.8378
24-03-2022,44006.77,3112.85,0.8429
25-03-2022,44331.36,3104.04,0.8245
26-03-2022,44542.31,3146.36,0.8332
27-03-2022,46842.14,3296.46,0.8579
28-03-2022,47128.71,3334.29,0.8636
29-03-2022,47445.3,3402.62,0.8581
30-03-2022,47056.41,3385.11,0.8612
31-03-2022,45522.65,3282.78,0.8148
01-04-2022,46299.75,3455.72,0.8279
02-04-2022,45822.28,3444.68,0.8241
03-04-2022,46414.26,3522.49,0.8429
04-04-2022,46609.36,3520.15,0.8265
05-04-2022,45501.58,3406.48,0.817
06-04-2022,43177.78,3168.91,0.7598
07-04-2022,43466.21,3229.28,0.7877
08-04-2022,42273.38,3192.92,0.7551
09-04-2022,42768.61,3259.62,0.7623
10-04-2022,42153.77,3202.89,0.7545
11-04-2022,39536.71,2979.52,0.6949
12-04-2022,40086.66,3028.77,0.7151
13-04-2022,41150.33,3118.5,0.7232
14-04-2022,39951.63,3021.76,0.7263
15-04-2022,40563.69,3041.21,0.7857
16-04-2022,40392.55,3060.28,0.7809
17-04-2022,39688.16,2988.4,0.7522
18-04-2022,40811.03,3056.2,0.7693
19-04-2022,41504.44,3102.52,0.7752
20-04-2022,41375.35,3077.74,0.752
21-04-2022,40490.97,2984.24,0.7328
22-04-2022,39716.04,2963.17,0.7177
23-04-2022,39445.97,2933.65,0.7055
24-04-2022,39466.26,2922.37,0.6982
25-04-2022,40437.52,3006.45,0.6934
26-04-2022,38117.39,2809.6,0.6424
27-04-2022,39252.04,2889.72,0.6523
28-04-2022,39749.75,2936.49,0.6428
29-04-2022,38594.22,2817.23,0.6114
30-04-2022,37650.13,2726.98,0.5853
01-05-2022,38480.53,2826.04,0.6071
02-05-2022,38513.01,2856.12,0.6143
03-05-2022,37725.38,2780.63,0.6047
04-05-2022,39680.21,2940.31,0.6457
05-05-2022,36546.86,2747.28,0.5982
06-05-2022,36009.89,2692.08,0.6022
07-05-2022,35469.21,2635.19,0.5808
08-05-2022,34033.77,2519.08,0.5659
09-05-2022,30076.9,2230.95,0.4877
10-05-2022,31013.12,2341.58,0.5132
11-05-2022,29017.21,2077.83,0.4152
12-05-2022,28915.72,1952.81,0.3843
13-05-2022,29244.83,2006.51,0.422
14-05-2022,30050.31,2054.03,0.4259
15-05-2022,31296.11,2143.12,0.4475
16-05-2022,29838.5,2020.12,0.4221
17-05-2022,30415.91,2089.29,0.4372
18-05-2022,28667.29,1911.68,0.4049
19-05-2022,30282.48,2017.78,0.42
20-05-2022,29166.15,1956.88,0.4099
21-05-2022,29410.72,1972.87,0.4141
22-05-2022,30264.29,2041.08,0.4215
23-05-2022,29075.68,1970.7,0.4044
24-05-2022,29630.05,1977.85,0.4081
25-05-2022,29508.27,1941.04,0.4055
26-05-2022,29188.71,1791,0.3924
27-05-2022,28597.33,1724.73,0.3813
28-05-2022,29013.53,1790.79,0.3858
29-05-2022,29452.23,1811.69,0.3886
30-05-2022,31716.41,1997.64,0.4184
31-05-2022,31782.16,1940.59,0.4212
01-06-2022,29789.58,1817.42,0.3977
02-06-2022,30439.63,1833.26,0.4049
03-06-2022,29680.3,1773.59,0.3898
04-06-2022,29845.48,1803.65,0.3921
05-06-2022,29897.9,1804.7,0.3951
06-06-2022,31353.78,1858.56,0.4025
07-06-2022,31111.75,1812.7,0.4074
08-06-2022,30189.27,1791.03,0.4001
09-06-2022,30082.94,1787.71,0.3997
10-06-2022,29067.38,1661.1,0.3811
11-06-2022,28389.49,1530.28,0.3592
12-06-2022,26587.35,1434.02,0.343
13-06-2022,22471.59,1209.12,0.3112
14-06-2022,22118.37,1206.94,0.3214
15-06-2022,22566.73,1236.89,0.3433
16-06-2022,20372.85,1067.1,0.3126
17-06-2022,20432.26,1085.21,0.3207
18-06-2022,18954.25,994.41,0.3072
19-06-2022,20553.48,1127.03,0.326
20-06-2022,20550.91,1126.99,0.3222
21-06-2022,20699.21,1124.71,0.3287
22-06-2022,19956.16,1048.3,0.3219
23-06-2022,21098.41,1143.46,0.3351
24-06-2022,21219.46,1224.12,0.3669
25-06-2022,21474.19,1241,0.3673
26-06-2022,21031.85,1198.25,0.3588
27-06-2022,20718.16,1190.73,0.353
28-06-2022,20251.96,1142.41,0.3369
29-06-2022,20094.16,1098.71,0.3289
30-06-2022,19908.49,1069.53,0.3321
01-07-2022,19249.33,1058.01,0.3131
02-07-2022,19225.66,1065.69,0.3151
03-07-2022,19294.21,1072.95,0.321
04-07-2022,20212.81,1149.81,0.3281
05-07-2022,20158.69,1131.96,0.3249
06-07-2022,20545.04,1185.41,0.3319
07-07-2022,21611.8,1236.64,0.342
08-07-2022,21592.65,1214,0.3398
09-07-2022,21582.17,1216.53,0.3447
10-07-2022,20846.53,1167.31,0.3251
11-07-2022,19944.25,1095.67,0.3148
12-07-2022,19309.71,1037.37,0.3112
13-07-2022,20230.81,1114.57,0.3235
14-07-2022,20577.38,1192.56,0.3335
15-07-2022,20827.27,1231.23,0.3339
16-07-2022,21199.01,1356.31,0.3505
17-07-2022,20792.81,1337.97,0.3431
18-07-2022,22447.39,1583.55,0.3653
19-07-2022,23399.91,1543.12,0.3731
20-07-2022,23222.77,1521.72,0.3632
21-07-2022,23153.54,1575.68,0.3668
22-07-2022,22686.32,1535.71,0.358
23-07-2022,22452.14,1549.19,0.3593
24-07-2022,22585.4,1597.72,0.3586
25-07-2022,21305.59,1438.01,0.3359
26-07-2022,21258.08,1449.61,0.3375
27-07-2022,22960.19,1636.88,0.3595
28-07-2022,23855.65,1725.82,0.3739
29-07-2022,23769.15,1722.28,0.368
30-07-2022,23646.03,1697.52,0.3878
31-07-2022,23308.14,1679.55,0.3793
01-08-2022,23271.57,1630.62,0.3794
02-08-2022,22991.49,1631.11,0.3712
03-08-2022,22825.25,1618.68,0.3697
04-08-2022,22622.99,1607.96,0.3711
05-08-2022,23319.22,1736.78,0.3764
06-08-2022,22956.4,1690.67,0.3714
07-08-2022,23179.86,1700.54,0.3723
08-08-2022,23817.72,1777.99,0.3788
09-08-2022,23156.66,1703.41,0.3675
10-08-2022,23959.67,1854.05,0.3815
11-08-2022,23943.36,1881.06,0.3803
12-08-2022,24412.17,1959.26,0.3798
13-08-2022,24449.86,1984.29,0.378
14-08-2022,24313.71,1936.02,0.3756
15-08-2022,24101.69,1899.64,0.3751
16-08-2022,23858.64,1877.16,0.377
17-08-2022,23338.03,1834.04,0.3794
18-08-2022,23201.51,1846.36,0.3703
19-08-2022,20833.43,1609.05,0.3345
20-08-2022,21142.06,1575.73,0.3369
21-08-2022,21514.79,1617.86,0.3447
22-08-2022,21399.66,1624.65,0.3439
23-08-2022,21520.62,1664.76,0.347
24-08-2022,21369.05,1656.52,0.3455
25-08-2022,21565.47,1695.85,0.3494
26-08-2022,20247.99,1508.09,0.339
27-08-2022,20038.42,1491.26,0.3347
28-08-2022,19554.08,1426.4,0.3222
29-08-2022,20292.37,1552.4,0.3338
30-08-2022,19813.51,1524.62,0.3266
31-08-2022,20050.28,1554.16,0.3277
01-09-2022,20129.93,1585.98,0.3331
02-09-2022,19957.44,1575.91,0.3313
03-09-2022,19834.79,1557.54,0.3296
04-09-2022,20003.46,1579.06,0.3317
05-09-2022,19793.29,1617.5,0.3328
06-09-2022,18791.95,1558.9,0.3212
07-09-2022,19287.52,1630,0.3369
08-09-2022,19321.77,1635.6,0.3396
09-09-2022,21369.73,1719.35,0.3571
10-09-2022,21655.13,1774.69,0.3575
11-09-2022,21836.45,1767.02,0.3552
12-09-2022,22400.52,1716.53,0.3598
13-09-2022,20173.77,1574.56,0.3326
14-09-2022,20233.68,1639.6,0.3418
15-09-2022,19700.15,1472.51,0.3262
16-09-2022,19804.02,1433.97,0.3553
17-09-2022,20118.35,1469.05,0.3763
18-09-2022,19417.72,1334.3,0.3578
19-09-2022,19541.28,1376.21,0.3848
20-09-2022,18879.95,1323.07,0.4144
21-09-2022,18468.05,1246.29,0.3942
22-09-2022,19405.96,1326.15,0.4855
23-09-2022,19291.13,1326.95,0.5068
24-09-2022,18924.39,1317.11,0.488
25-09-2022,18809.94,1294.72,0.4916
26-09-2022,19230.96,1336.65,0.4682
27-09-2022,19081.4,1328.11,0.4464
28-09-2022,19412.67,1337.15,0.4489
29-09-2022,19593.46,1335.9,0.487
30-09-2022,19425.63,1328.7,0.4797
01-10-2022,19313.96,1311.8,0.4754
02-10-2022,19058.15,1276.69,0.4484
03-10-2022,19632.35,1323.32,0.4622
04-10-2022,20344.58,1361.9,0.4796
05-10-2022,20160.74,1352.44,0.489
06-10-2022,19965.12,1352.4,0.4934
07-10-2022,19532.81,1331.14,0.5182
08-10-2022,19419.32,1315.47,0.5171
09-10-2022,19442.41,1323.41,0.5321
10-10-2022,19131.36,1290.04,0.4948
11-10-2022,19058.29,1279.79,0.4858
12-10-2022,19154.85,1294.29,0.4882
13-10-2022,19378.91,1287.51,0.4797
14-10-2022,19182.01,1296.63,0.4885
15-10-2022,19069.72,1274.91,0.4818
16-10-2022,19264.26,1305.87,0.4766
17-10-2022,19550.49,1331.52,0.4799
18-10-2022,19330.29,1310.78,0.4658
19-10-2022,19123.89,1284.85,0.4506
20-10-2022,19043.54,1282.68,0.4466
21-10-2022,19166.4,1299.88,0.4615
22-10-2022,19207.57,1313.91,0.4655
23-10-2022,19572.6,1364.2,0.4689
24-10-2022,19331.06,1343.83,0.4532
25-10-2022,20087.18,1460.37,0.4608
26-10-2022,20776.76,1566.85,0.469
27-10-2022,20295.28,1514.35,0.4617
28-10-2022,20599.89,1555.12,0.4744
29-10-2022,20820.19,1620.42,0.4703
30-10-2022,20630.65,1590.93,0.4582
31-10-2022,20492.56,1572.88,0.4645
01-11-2022,20480.27,1578.51,0.4635
02-11-2022,20150.33,1518.33,0.4498
03-11-2022,20207.99,1530.87,0.4549
04-11-2022,21150.6,1645.06,0.5064
05-11-2022,21301.57,1627.42,0.4931
06-11-2022,20910.59,1568.75,0.4712
07-11-2022,20593.73,1568.45,0.4649
08-11-2022,18544.7,1334.22,0.4061
09-11-2022,15820.02,1104.17,0.329
10-11-2022,17559.67,1296.01,0.3942
11-11-2022,17007.72,1285.23,0.3839
12-11-2022,16773.9,1254.95,0.3632
13-11-2022,16307.47,1219.85,0.3399
14-11-2022,16592.04,1241.39,0.3763
15-11-2022,16879.14,1252,0.3882
16-11-2022,16648.05,1215.24,0.3751
17-11-2022,16680.21,1199.45,0.3816
18-11-2022,16677.95,1210.98,0.3824
19-11-2022,16683.72,1216.52,0.3841
20-11-2022,16253.6,1140.47,0.3609
21-11-2022,15760.19,1105.99,0.364
22-11-2022,16198.25,1137.75,0.3753
23-11-2022,16590.98,1183.69,0.3813
24-11-2022,16588.46,1202.96,0.4017
25-11-2022,16508.33,1198.4,0.4077
26-11-2022,16451.53,1204.94,0.3962
27-11-2022,16420.87,1193.2,0.3964
28-11-2022,16207.01,1167.3,0.3891
29-11-2022,16431.79,1215.7,0.398
30-11-2022,17162.35,1294.92,0.4079
01-12-2022,16978.64,1276.36,0.3964
02-12-2022,17094.49,1295.61,0.3958
03-12-2022,16888.31,1241.13,0.3873
04-12-2022,17111.76,1279.89,0.3896
05-12-2022,16966.84,1259.37,0.3895
06-12-2022,17086.52,1271.38,0.3914
07-12-2022,16837.85,1231.35,0.3833
08-12-2022,17226.02,1280.28,0.3944
09-12-2022,17126.85,1262.95,0.3889
10-12-2022,17129.19,1266.34,0.3865
11-12-2022,17094.83,1263.27,0.381
12-12-2022,17208.66,1275.37,0.3871
13-12-2022,17775.32,1320.43,0.3951
14-12-2022,17801.37,1307.5,0.3852
15-12-2022,17359.21,1266.59,0.3785
16-12-2022,16658.44,1167.85,0.3517
17-12-2022,16780.55,1187.11,0.3547
18-12-2022,16742.74,1183.19,0.3501
19-12-2022,16442.79,1167.68,0.3391
20-12-2022,16901.12,1216.96,0.3484
21-12-2022,16821.13,1213.84,0.3451
22-12-2022,16816.01,1217.51,0.3494
23-12-2022,16780.97,1219.97,0.3546
24-12-2022,16837.16,1220.49,0.3521
25-12-2022,16829.1,1218.3,0.3457
26-12-2022,16916.07,1227.3,0.3661
27-12-2022,16700.54,1211.07,0.3675
28-12-2022,16540.47,1189.27,0.3558
29-12-2022,16631.24,1200.06,0.3422
30-12-2022,16599.47,1199.12,0.345
31-12-2022,16531.31,1195,0.3389
01-01-2023,16613.87,1200.1,0.3387
02-01-2023,16670.08,1213.98,0.3483
03-01-2023,16670.16,1214.11,0.3436
04-01-2023,16846.82,1256.42,0.3476
05-01-2023,16825.87,1250.73,0.3379
06-01-2023,16946.16,1268.71,0.3445
07-01-2023,16942.73,1263.86,0.3443
08-01-2023,17115.81,1288.62,0.3447
09-01-2023,17179.03,1320.11,0.3491
10-01-2023,17442.44,1335.42,0.351
11-01-2023,17938,1388.95,0.3729
12-01-2023,18849,1416.05,0.3747
13-01-2023,19932.05,1451.18,0.3861
14-01-2023,20954.52,1550.07,0.3953
15-01-2023,20878.94,1552.71,0.3847
16-01-2023,21188.92,1577.02,0.3861
17-01-2023,21136.12,1565.15,0.3869
18-01-2023,20678.47,1512.28,0.3788
19-01-2023,21082.28,1551.2,0.3931
20-01-2023,22676.2,1659.02,0.413
21-01-2023,22789.92,1626.68,0.4033
22-01-2023,22714.99,1627.79,0.4007
23-01-2023,22917.47,1626.47,0.4238
24-01-2023,22637.8,1556.12,0.4077
25-01-2023,23066.28,1610.94,0.4171
26-01-2023,23009.15,1601.35,0.4093
27-01-2023,23077.75,1597.86,0.4127
28-01-2023,23031.02,1572.46,0.408
29-01-2023,23747.26,1645.46,0.4133
30-01-2023,22833.34,1566.49,0.3933
31-01-2023,23129.7,1585.47,0.4058
01-02-2023,23730.52,1641.61,0.4137
02-02-2023,23470.8,1642.74,0.4097
03-02-2023,23437.21,1663.97,0.4118
04-02-2023,23332.1,1666.89,0.4106
05-02-2023,22940.79,1629.8,0.3984
06-02-2023,22761.44,1614.31,0.3921
07-02-2023,23252.78,1671.61,0.4038
08-02-2023,22961.13,1650.95,0.3977
09-02-2023,21807.55,1545.78,0.3818
10-02-2023,21634.86,1513.79,0.3822
11-02-2023,21862.19,1538.79,0.3837
12-02-2023,21790.14,1515.42,0.3746
13-02-2023,21787.77,1506.37,0.3707
14-02-2023,22208.56,1556.14,0.3823
15-02-2023,24332.21,1675.34,0.4011
16-02-2023,23533.22,1638.41,0.3848
17-02-2023,24578.28,1694.3,0.3951
18-02-2023,24638.27,1691.98,0.3944
19-02-2023,24287.53,1681.25,0.3863
20-02-2023,24838.09,1703.53,0.3983
21-02-2023,24450.5,1659.64,0.3921
22-02-2023,24186.92,1643.28,0.3952
23-02-2023,23941.1,1650.59,0.3886
24-02-2023,23189.78,1607.86,0.3785
25-02-2023,23168.68,1594.89,0.378
26-02-2023,23557.29,1641.93,0.3933
27-02-2023,23492.86,1633.97,0.4018
28-02-2023,23137.23,1605,0.3766
01-03-2023,23642.8,1665.45,0.3837
02-03-2023,23467.23,1647.79,0.3773
03-03-2023,22360.92,1569.58,0.3773
04-03-2023,22353.23,1566.93,0.3736
05-03-2023,22434.09,1564.76,0.3668
06-03-2023,22410.79,1565.91,0.3697
07-03-2023,22201.44,1561.65,0.3802
08-03-2023,21704.74,1532.44,0.3886
09-03-2023,20370.48,1437.54,0.371
10-03-2023,20206.71,1431.4,0.3711
11-03-2023,20613.6,1483.2,0.3669
12-03-2023,22183.71,1591.86,0.3733
13-03-2023,24207.1,1680.71,0.3733
14-03-2023,24757.56,1705.06,0.3734
15-03-2023,24372.11,1652.94,0.3601
16-03-2023,25049.83,1676.86,0.3655
17-03-2023,27441.41,1793.04,0.3805
18-03-2023,26973.46,1763.35,0.3746
19-03-2023,28040.29,1785.66,0.3867
20-03-2023,27807.05,1738.39,0.3745
21-03-2023,28188.11,1806.98,0.4698
22-03-2023,27316.18,1738.78,0.4219
23-03-2023,28345.7,1817.43,0.4449
24-03-2023,27493.01,1751.94,0.4262
25-03-2023,27492.83,1743.78,0.4436
26-03-2023,27995.16,1775.76,0.4484
27-03-2023,27146.01,1716.29,0.4798
28-03-2023,27266.08,1773.6,0.5144
29-03-2023,28355.7,1793.38,0.5427
30-03-2023,28040.71,1793.89,0.5324
31-03-2023,28474.62,1822.07,0.5376
01-04-2023,28468.49,1821.79,0.5097
02-04-2023,28187.85,1795.71,0.5184
03-04-2023,27809.04,1810.94,0.4965
04-04-2023,28177.23,1871.46,0.5029
05-04-2023,28180.06,1909.28,0.506
06-04-2023,28043.49,1872.91,0.5027
07-04-2023,27927.8,1864.89,0.5132
08-04-2023,27953.93,1849.91,0.5053
09-04-2023,28340.68,1859.73,0.5054
10-04-2023,29655.75,1911.14,0.5175
11-04-2023,30226.45,1891.5,0.5168
12-04-2023,29905.56,1918.62,0.505
13-04-2023,30407.76,2013.97,0.5128
14-04-2023,30491.71,2101.73,0.5231
15-04-2023,30321.55,2092.41,0.5199
16-04-2023,30322.37,2120.17,0.521
17-04-2023,29446.34,2075.88,0.5109
18-04-2023,30395.53,2104.71,0.5319
19-04-2023,28821.91,1935.92,0.4916
20-04-2023,28248.11,1943.43,0.4749
21-04-2023,27261.17,1849.09,0.4492
22-04-2023,27820.73,1874.58,0.4722
23-04-2023,27596.85,1862.38,0.4649
24-04-2023,27520.93,1842.55,0.4607
25-04-2023,28308.07,1866.52,0.4695
26-04-2023,28432.89,1866.8,0.4619
27-04-2023,29483.94,1909.45,0.4836
28-04-2023,29339.99,1896.05,0.5245
29-04-2023,29251.2,1911.23,0.4782
30-04-2023,29236.81,1872.4,0.4705
01-05-2023,28086.77,1832.65,0.5182
02-05-2023,28694.7,1871.76,0.4647
03-05-2023,29041.65,1906.04,0.4632
04-05-2023,28865.72,1878.59,0.461
05-05-2023,29548.51,1996.13,0.4675
06-05-2023,28943.98,1901.94,0.4594
07-05-2023,28572.81,1879.47,0.4489
08-05-2023,27783.42,1853.94,0.4286
09-05-2023,27680.21,1848.91,0.4289
10-05-2023,27628.73,1842.62,0.4305
11-05-2023,26991.62,1795.51,0.4212
12-05-2023,26807.09,1808.28,0.4305
13-05-2023,26788.88,1796.08,0.4243
14-05-2023,26931.44,1800.16,0.4253
15-05-2023,27176.27,1817.04,0.4273
16-05-2023,27036.57,1824.54,0.4424
17-05-2023,27406.21,1822.22,0.4483
18-05-2023,26823.31,1800.84,0.4595
19-05-2023,26888.42,1812.74,0.4677
20-05-2023,27118.54,1820,0.4687
21-05-2023,26755.17,1805.38,0.4573
22-05-2023,26855.4,1817.83,0.4615
23-05-2023,27224.7,1854.48,0.4653
24-05-2023,26326.17,1799.99,0.4533
25-05-2023,26480.21,1806.04,0.4537
26-05-2023,26719.7,1828.68,0.4686
27-05-2023,26872.59,1830.98,0.4719
28-05-2023,28077.57,1909.28,0.4824
29-05-2023,27746.07,1893.17,0.4947
30-05-2023,27703.56,1901.19,0.5213
31-05-2023,27220.17,1874.03,0.5171
01-06-2023,26825.73,1862.24,0.5065
02-06-2023,27251.14,1907.36,0.5251
03-06-2023,27078.3,1892.63,0.5189
04-06-2023,27125.24,1890.37,0.5358
05-06-2023,25740.46,1811.47,0.5095
06-06-2023,27269.02,1886.35,0.5301
07-06-2023,26348.91,1832.56,0.5186
08-06-2023,26509.09,1846.12,0.5239
09-06-2023,26483.81,1840.51,0.538
10-06-2023,25856.18,1752.49,0.5075
11-06-2023,25937.58,1753.15,0.521
12-06-2023,25905.64,1742.66,0.5253
13-06-2023,25928.94,1739.4,0.5193
14-06-2023,25125.73,1650.8,0.4801
15-06-2023,25574.36,1665.43,0.4798
16-06-2023,26330.59,1716.87,0.4755
17-06-2023,26510.43,1727.25,0.4795
18-06-2023,26338,1720.51,0.487
19-06-2023,26842.09,1736.79,0.4928
20-06-2023,28319.35,1792.7,0.4928
21-06-2023,30000.55,1889.61,0.4999
22-06-2023,29892.81,1872.42,0.494
23-06-2023,30705.39,1893.52,0.4963
24-06-2023,30548.2,1875.91,0.4871
25-06-2023,30473.64,1899.41,0.4904
26-06-2023,30271.91,1859.19,0.4791
27-06-2023,30696.99,1889.8,0.4834
28-06-2023,30078.9,1827.54,0.465
29-06-2023,30447.17,1852.08,0.4744
30-06-2023,30471.06,1933.62,0.4732
01-07-2023,30590.76,1924.32,0.4734
02-07-2023,30617.66,1937.46,0.4842
03-07-2023,31160.24,1955.81,0.4898
04-07-2023,30774.39,1936.37,0.487
05-07-2023,30503.07,1910.36,0.4781
06-07-2023,29907.98,1846.23,0.4621
07-07-2023,30349.69,1870.78,0.4687
08-07-2023,30294.36,1865.62,0.4706
09-07-2023,30171.49,1863.09,0.4682
10-07-2023,30421.04,1880.69,0.4774
11-07-2023,30626.62,1878.62,0.4755
12-07-2023,30385.22,1871.83,0.4711
13-07-2023,31475.78,2005.75,0.8159
14-07-2023,30331.09,1939.13,0.719
15-07-2023,30298.45,1931.84,0.7147
16-07-2023,30248.17,1923.31,0.7477
17-07-2023,30147.68,1911.56,0.7377
18-07-2023,29863.79,1897.76,0.779
19-07-2023,29918.6,1888.8,0.8197
20-07-2023,29809.61,1891.77,0.7941
21-07-2023,29911.46,1891.92,0.7717
22-07-2023,29791.61,1866.58,0.7333
23-07-2023,30085.68,1888.72,0.7384
24-07-2023,29181.04,1849.87,0.7023
25-07-2023,29226.63,1857.51,0.7087
26-07-2023,29352.06,1871.94,0.7157
27-07-2023,29217.05,1860.95,0.7137
28-07-2023,29316.82,1874.32,0.7122
29-07-2023,29358.76,1880.9,0.7122
30-07-2023,29283.34,1861.71,0.7047
31-07-2023,29231.47,1856.01,0.6974
01-08-2023,29699.74,1872.96,0.7068
02-08-2023,29163.69,1839.07,0.6848
03-08-2023,29177.75,1834.44,0.6628
04-08-2023,29078.51,1827.52,0.635
05-08-2023,29050.34,1834.9,0.6284
06-08-2023,29046.16,1827.81,0.6232
07-08-2023,29182.16,1827.07,0.6226
08-08-2023,29770.51,1855.78,0.6418
09-08-2023,29566.47,1854.14,0.643
10-08-2023,29428.1,1850.51,0.6325
11-08-2023,29403.56,1847.01,0.6313
12-08-2023,29417.08,1849.08,0.6272
13-08-2023,29281.55,1839.07,0.6257
14-08-2023,29409.22,1844.02,0.634
15-08-2023,29171.23,1827.21,0.6098
16-08-2023,28702.8,1805.68,0.5884
17-08-2023,26629.67,1681.74,0.5068
18-08-2023,26049.69,1661.34,0.506
19-08-2023,26095.8,1669.67,0.5198
20-08-2023,26191.01,1685.38,0.5388
21-08-2023,26126.18,1667.37,0.5246
22-08-2023,26043.01,1634.23,0.5204
23-08-2023,26429.4,1679.23,0.5298
24-08-2023,26166.22,1660.46,0.5183
25-08-2023,26051.29,1652.94,0.5257
26-08-2023,26010.35,1646.3,0.5232
27-08-2023,26091.32,1657.6,0.5238
28-08-2023,26106,1652.22,0.523
29-08-2023,27724.41,1729.38,0.5398
30-08-2023,27305.41,1705.51,0.5283
31-08-2023,25937.29,1645.67,0.5109
01-09-2023,25798.79,1628.51,0.4981
02-09-2023,25868.56,1636.88,0.4989
03-09-2023,25971.37,1635.72,0.5047
04-09-2023,25816.24,1629.77,0.5082
05-09-2023,25785.01,1633.83,0.505
06-09-2023,25751.71,1632.35,0.5032
07-09-2023,26264.75,1647.63,0.5051
08-09-2023,25907.13,1636.13,0.5049
09-09-2023,25898.41,1635.27,0.5037
10-09-2023,25833.67,1616.78,0.4969
11-09-2023,25157.07,1551.53,0.4742
12-09-2023,25840.34,1593.09,0.4801
13-09-2023,26227.49,1607.97,0.4832
14-09-2023,26533.66,1627.01,0.4889
15-09-2023,26605.49,1641.48,0.5005
16-09-2023,26569.13,1634.86,0.4997
17-09-2023,26533.12,1622.81,0.4927
18-09-2023,26767.82,1637.19,0.503
19-09-2023,27219.02,1643.58,0.514
20-09-2023,27126.4,1622.39,0.5213
21-09-2023,26567.47,1584.04,0.5071
22-09-2023,26583.16,1593.13,0.5122
23-09-2023,26585.41,1593.91,0.5077
24-09-2023,26261.44,1580.76,0.5021
25-09-2023,26297.93,1588.04,0.5054
26-09-2023,26212.59,1593.27,0.5017
27-09-2023,26360.2,1597.73,0.4988
28-09-2023,27027.2,1652.9,0.5097
29-09-2023,26909.4,1667.44,0.5215
30-09-2023,26964.27,1670.97,0.515
01-10-2023,27994.51,1733.44,0.524
02-10-2023,27507.22,1662.8,0.5123
03-10-2023,27428.66,1656.96,0.5391
04-10-2023,27789.8,1646.79,0.5328
05-10-2023,27414.59,1611.72,0.523
06-10-2023,27946.61,1645.93,0.5258
07-10-2023,27973.69,1634.64,0.522
08-10-2023,27933.57,1633.61,0.5178
09-10-2023,27598.77,1580.25,0.5029
10-10-2023,27395.4,1567.68,0.4964
11-10-2023,26871.21,1566.52,0.4888
12-10-2023,26756.23,1539.43,0.4829
13-10-2023,26862.9,1552.12,0.4851
14-10-2023,26854.52,1555.02,0.4867
15-10-2023,27177.41,1557.99,0.4874
16-10-2023,28518.37,1600.09,0.4978
17-10-2023,28409.46,1565.4,0.4913
18-10-2023,28328.07,1563.66,0.488
19-10-2023,28733.78,1567.55,0.5201
20-10-2023,29684.37,1604.86,0.5151
21-10-2023,29924.08,1629.44,0.5211
22-10-2023,30001.44,1664.18,0.5227
23-10-2023,33084.08,1766.32,0.5477
24-10-2023,33923.52,1785.2,0.559
25-10-2023,34503.4,1787.67,0.5555
26-10-2023,34157.06,1803.72,0.5535
27-10-2023,33907.7,1779.98,0.5432
28-10-2023,34090.05,1776.59,0.5449
29-10-2023,34535.38,1795.69,0.5561
30-10-2023,34494.56,1809.85,0.5786
31-10-2023,34657.73,1815.45,0.5999
01-11-2023,35439.76,1847.63,0.6091
02-11-2023,34947.15,1801.34,0.6054
03-11-2023,34732.28,1833.71,0.6125
04-11-2023,35086.09,1857.23,0.6155
05-11-2023,35039.47,1893.28,0.6613
06-11-2023,35054.59,1901.65,0.715
07-11-2023,35421.85,1886.12,0.6855
08-11-2023,35638.33,1889.05,0.6874
09-11-2023,36704.14,2121.13,0.6668
10-11-2023,37321.51,2078.52,0.6597
11-11-2023,37142.22,2053.53,0.6627
12-11-2023,37079.76,2045.4,0.6616
13-11-2023,36482.51,2054.32,0.6704
14-11-2023,35551.21,1979.66,0.6294
15-11-2023,37884.19,2059.63,0.6485
16-11-2023,36162.42,1961.54,0.612
17-11-2023,36626.32,1961.61,0.6135
18-11-2023,36591.19,1963.67,0.611
19-11-2023,37388.64,2012.46,0.6261
20-11-2023,37476.66,2022.62,0.6125
21-11-2023,35758.72,1933.76,0.579
22-11-2023,37424.2,2064.08,0.6112
23-11-2023,37299.18,2062.63,0.6206
24-11-2023,37737.05,2082.24,0.6217
25-11-2023,37801.92,2084.06,0.6231
26-11-2023,37460.21,2063.01,0.6159
27-11-2023,37246.29,2027.67,0.6039
28-11-2023,37836.63,2049.1,0.6109
29-11-2023,37861.9,2029.17,0.6092
30-11-2023,37729.58,2052.93,0.6063
01-12-2023,38699.84,2088.21,0.6129
02-12-2023,39469.35,2165.6,0.621
03-12-2023,39980.93,2193.78,0.6233
04-12-2023,41984.41,2243.25,0.6244
05-12-2023,44089.06,2293.88,0.6211
06-12-2023,43771.01,2232.96,0.6403
07-12-2023,43285.02,2356.77,0.6434
08-12-2023,44186.18,2358.94,0.6725
09-12-2023,43723,2341.13,0.6586
10-12-2023,43791.67,2352.31,0.6616
11-12-2023,41235.58,2224.1,0.6187
12-12-2023,41472.94,2202.33,0.6189
13-12-2023,42887.55,2260.72,0.6276
14-12-2023,43030.6,2316.03,0.6318
15-12-2023,41939.16,2220.32,0.6154
16-12-2023,42243.26,2227.14,0.62
17-12-2023,41349.42,2194.84,0.6098
18-12-2023,42650.27,2218.75,0.6124
19-12-2023,42268.08,2177.38,0.6045
20-12-2023,43669.91,2202.03,0.617
21-12-2023,43875.01,2239.88,0.6241
22-12-2023,44008.04,2326.53,0.6249
23-12-2023,43732.75,2309.54,0.6199
24-12-2023,43023.12,2265.42,0.6127
25-12-2023,43593.79,2271.75,0.6463
26-12-2023,42517.32,2230.94,0.6221
27-12-2023,43469.34,2380.34,0.6347
28-12-2023,42588.94,2345.44,0.635
29-12-2023,42073.59,2299.64,0.623
30-12-2023,42146.03,2291.65,0.6208
31-12-2023,42280.14,2281.36,0.6153
01-01-2024,44197.61,2352.65,0.6298
02-01-2024,44970.34,2356.28,0.6246
03-01-2024,42854.08,2210.57,0.5826
04-01-2024,44194.38,2269.47,0.5874
05-01-2024,44178.89,2270.21,0.5763
06-01-2024,43988.33,2241.73,0.5683
07-01-2024,43950.84,2222.73,0.5518
08-01-2024,46988.14,2332.66,0.5781
09-01-2024,46123,2344.97,0.5669
10-01-2024,46667.48,2584.69,0.6005
11-01-2024,46353.15,2618.71,0.6019
12-01-2024,42776.42,2522.11,0.5698
13-01-2024,42839.19,2577.89,0.5746
14-01-2024,41704.39,2470.94,0.5759
15-01-2024,42491.26,2510.12,0.5753
16-01-2024,43130.88,2586.91,0.5755
17-01-2024,42739.27,2528.09,0.568
18-01-2024,41286.68,2468.6,0.5515
19-01-2024,41625.47,2490.05,0.5438
20-01-2024,41677.08,2470.31,0.5532
21-01-2024,41570.17,2455.35,0.5461
22-01-2024,39523.63,2311.54,0.5269
23-01-2024,39876.44,2241.32,0.5178
24-01-2024,40078.62,2234.13,0.518
25-01-2024,39941.74,2217.5,0.5135
26-01-2024,41816.55,2267.33,0.532
27-01-2024,42124.02,2267.97,0.5303
28-01-2024,42028.92,2256.6,0.5241
29-01-2024,43302.28,2317.51,0.5351
30-01-2024,42943.64,2343.1,0.5109
31-01-2024,42555.08,2281.77,0.5029
01-02-2024,43073.2,2303.34,0.5058
02-02-2024,43181.71,2307.85,0.5103
03-02-2024,42999.52,2295.87,0.5187
04-02-2024,42570.21,2288.68,0.503
05-02-2024,42664.56,2299.16,0.5062
06-02-2024,43091.51,2372.2,0.505
07-02-2024,44339.04,2424.33,0.5137
08-02-2024,45304.61,2419.79,0.5147
09-02-2024,47154.23,2487.62,0.5263
10-02-2024,47768.12,2500.87,0.5241
11-02-2024,48311.16,2507.91,0.5263
12-02-2024,49942.97,2660.56,0.5317
13-02-2024,49733.11,2641.6,0.5247
14-02-2024,51844.19,2777.51,0.5383
15-02-2024,51934.57,2825.35,0.5627
16-02-2024,52163.28,2804.05,0.5646
17-02-2024,51668.78,2787,0.5499
18-02-2024,52139.33,2881.4,0.5573
19-02-2024,51781.22,2945,0.5628
20-02-2024,52269.59,3015.27,0.5626
21-02-2024,51854.36,2968.67,0.5491
22-02-2024,51263.67,2969.67,0.5408
23-02-2024,50744.07,2922.1,0.5341
24-02-2024,51574.61,2992.35,0.5451
25-02-2024,51727.63,3112.81,0.5425
26-02-2024,54518.58,3178.24,0.5511
27-02-2024,57071.6,3243.69,0.5865
28-02-2024,62507.1,3386.34,0.5757
29-02-2024,61179.58,3342.24,0.5868
01-03-2024,62431.25,3435.9,0.6017
02-03-2024,62038.39,3423.65,0.6449
03-03-2024,63149.43,3489.57,0.6271
04-03-2024,68338.64,3631.85,0.6486
05-03-2024,63804.11,3557.93,0.5922
06-03-2024,66115.57,3821.19,0.6122
07-03-2024,66928.15,3874.46,0.6282
08-03-2024,68269.39,3891.97,0.6213
09-03-2024,68446.32,3913.28,0.6211
10-03-2024,69023.53,3881.86,0.6086
11-03-2024,72095.86,4065.75,0.7228
12-03-2024,71449.5,3979.43,0.6881
13-03-2024,73118.09,4007.46,0.6895
14-03-2024,71366.96,3880.8,0.669
15-03-2024,69497.39,3742.44,0.6342
16-03-2024,65260.55,3520.08,0.6026
17-03-2024,68364.45,3641.61,0.6188
18-03-2024,67609.44,3520.31,0.6454
19-03-2024,61924.02,3158.44,0.5846
20-03-2024,67857.3,3516.66,0.6111
21-03-2024,65493.22,3492.08,0.6404
22-03-2024,63816.99,3337.08,0.6117
23-03-2024,64004.42,3330.49,0.6168
24-03-2024,67208.33,3454.45,0.6325
25-03-2024,69892.26,3590.96,0.6406
26-03-2024,69990.22,3587.6,0.6318
27-03-2024,69434.46,3499.77,0.6115
28-03-2024,70789.57,3561.1,0.6246
29-03-2024,69903.72,3511.49,0.6305
30-03-2024,69629.99,3507.56,0.6217
31-03-2024,71312.91,3645.98,0.6292
01-04-2024,69686.37,3505.52,0.6112
02-04-2024,65466.81,3279.4,0.5855
03-04-2024,65986.11,3312.24,0.5744
04-04-2024,68523.79,3329.17,0.5937
05-04-2024,67860.53,3319.12,0.5872
06-04-2024,68913.79,3352.4,0.5931
07-04-2024,69357.32,3453.85,0.5945
08-04-2024,71629.36,3694.7,0.6147
09-04-2024,69129.48,3504.83,0.6138
10-04-2024,70628.54,3545.56,0.6173
11-04-2024,70026.43,3503.21,0.6087
12-04-2024,67158.3,3239.12,0.5474
13-04-2024,64021.36,3011.51,0.4797
14-04-2024,65765.64,3158.26,0.5038
15-04-2024,63447.27,3103,0.4979
16-04-2024,63824.7,3085.42,0.4968
17-04-2024,61283.74,2985.12,0.4952
18-04-2024,63511.2,3065.69,0.503
19-04-2024,63848.26,3057.95,0.5033
20-04-2024,64979.21,3157.04,0.5291
21-04-2024,64955.82,3148.11,0.5246
22-04-2024,66854.24,3201.55,0.5562
23-04-2024,66415.06,3219.78,0.5446
24-04-2024,64263.95,3139.1,0.5272
25-04-2024,64488.49,3155.47,0.5253
26-04-2024,63750.63,3130.07,0.5258
27-04-2024,63434.44,3253.23,0.5178
28-04-2024,63111.34,3262.43,0.5103
29-04-2024,63847.54,3215.73,0.5149
30-04-2024,60633.97,3011.46,0.5001
01-05-2024,58277.44,2968.82,0.5169
02-05-2024,59083.85,2986.41,0.5181
03-05-2024,62917.45,3103.77,0.5319
04-05-2024,63904.51,3117.52,0.5303
05-05-2024,64037.5,3137.09,0.5297
06-05-2024,63168.44,3063.19,0.5402
07-05-2024,62323.36,3005.91,0.5246
08-05-2024,61179.81,2973.31,0.5169
09-05-2024,63077.18,3035.93,0.5208
10-05-2024,60790.82,2909.58,0.5022
11-05-2024,60823.19,2911.82,0.5059
12-05-2024,61459.22,2927.97,0.4992
13-05-2024,62932.29,2950.16,0.5051
14-05-2024,61548.48,2880.64,0.4999
15-05-2024,66245.16,3033.46,0.5192
16-05-2024,65250.53,2945.17,0.5158
17-05-2024,67051.35,3093.44,0.5236
18-05-2024,66927.56,3123.72,0.5213
19-05-2024,66268.25,3070.68,0.5096
20-05-2024,71430.23,3661.58,0.5377
21-05-2024,70141.17,3789.36,0.537
22-05-2024,69123.56,3736.33,0.5266
23-05-2024,67946.35,3781.61,0.5286
24-05-2024,68548.33,3727.14,0.5358
25-05-2024,69288.95,3749.23,0.5416
26-05-2024,68488.29,3824.34,0.528
27-05-2024,69386.83,3891.26,0.5336
28-05-2024,68330.84,3840.39,0.5283
29-05-2024,67576.81,3762.22,0.5231
30-05-2024,68346.19,3746.97,0.5186
31-05-2024,67482.25,3758.65,0.5171
01-06-2024,67721.6,3812.81,0.5184
02-06-2024,67738.74,3779.06,0.5134
03-06-2024,68799.6,3766.32,0.5199
04-06-2024,70548.51,3810.73,0.5258
05-06-2024,71117.68,3866.46,0.5259
06-06-2024,70772.35,3812.05,0.5214
07-06-2024,69330.51,3676.79,0.4989
08-06-2024,69303.58,3680.84,0.4927
09-06-2024,69639.42,3706,0.4987
10-06-2024,69505.57,3665.99,0.4967
11-06-2024,67319.41,3497.32,0.4803
12-06-2024,68247,3559.25,0.4916
13-06-2024,66742.54,3467.79,0.4767
14-06-2024,66006.13,3479.74,0.4744
15-06-2024,66188.81,3566.61,0.4905
16-06-2024,66631.59,3622.37,0.4889
17-06-2024,66481.73,3510.08,0.5048
18-06-2024,65158.02,3482.27,0.4908
19-06-2024,64950.82,3558.97,0.4932
20-06-2024,64847.89,3510.94,0.4885
21-06-2024,64119.34,3517.28,0.4888
22-06-2024,64250.18,3494.25,0.4865
23-06-2024,63181.02,3418.62,0.4795
24-06-2024,60270.95,3350.54,0.4738
25-06-2024,61796.56,3393.91,0.4758
26-06-2024,60824.43,3369.46,0.4695
27-06-2024,61630.1,3445.8,0.4747
28-06-2024,60324.3,3373.8,0.4708
29-06-2024,60905.3,3373.52,0.4719
30-06-2024,62685.88,3432.82,0.4753
01-07-2024,62841.27,3438.83,0.4767
02-07-2024,62044.48,3416.41,0.4846
03-07-2024,60157.2,3292.16,0.4668
04-07-2024,57041.11,3058.81,0.4328
05-07-2024,56646.24,2982.07,0.4252
06-07-2024,58255.65,3067.54,0.449
07-07-2024,55866.6,2931.2,0.4195
08-07-2024,56709.76,3018.49,0.4316
09-07-2024,58047.2,3066.44,0.4357
10-07-2024,57725.78,3100.44,0.4388
11-07-2024,57348.75,3099.49,0.4491
12-07-2024,57913.68,3134.62,0.4746
13-07-2024,59231.06,3176.67,0.5259
14-07-2024,60818.77,3246.12,0.5205
15-07-2024,64765.55,3485.5,0.5375
16-07-2024,65087.61,3446.19,0.5795
17-07-2024,64096.64,3387.66,0.6261
18-07-2024,63981.43,3425.94,0.5696
19-07-2024,66708.49,3506,0.5736
20-07-2024,67163.86,3518.85,0.594
21-07-2024,68176.98,3536.46,0.5986
22-07-2024,67567.71,3441.05,0.6083
23-07-2024,65939.83,3483.07,0.5978
24-07-2024,65375.53,3335.15,0.6183
25-07-2024,65794,3174.48,0.5995
26-07-2024,67925.17,3274.89,0.6035
27-07-2024,67904.55,3249.36,0.5959
28-07-2024,68252.75,3270.15,0.6016
29-07-2024,66782.78,3317.94,0.6019
30-07-2024,66180.04,3278.41,0.6276
31-07-2024,64617.83,3231.84,0.6229
01-08-2024,65300.21,3200.67,0.596
02-08-2024,61422.3,2985.72,0.5601
03-08-2024,60679.28,2902.09,0.5557
04-08-2024,58135.89,2688.08,0.5228
05-08-2024,54031.82,2420.39,0.4891
06-08-2024,56057.67,2462.39,0.5063
07-08-2024,55130.45,2343.5,0.6004
08-08-2024,61708.53,2683.62,0.6169
09-08-2024,60868.88,2600.21,0.5809
10-08-2024,60940.82,2610.64,0.5843
11-08-2024,58725,2555.67,0.553
12-08-2024,59360.89,2723.07,0.5685
13-08-2024,60609.73,2703.6,0.5771
14-08-2024,58698.05,2661.98,0.5689
15-08-2024,57552.92,2570.39,0.5609
16-08-2024,58893.67,2593.7,0.5641
17-08-2024,59497.94,2614.92,0.5667
18-08-2024,58439.22,2612.58,0.5631
19-08-2024,59464.41,2637.47,0.5987
20-08-2024,59027.55,2573.25,0.5939
21-08-2024,61170.8,2631.39,0.6003
22-08-2024,60387.29,2623.57,0.5978
23-08-2024,64087.8,2764.81,0.6114
24-08-2024,64180.77,2769.86,0.6131
25-08-2024,64264.62,2747.52,0.6003
26-08-2024,62850.27,2681.15,0.5875
27-08-2024,59441.73,2458.29,0.567
28-08-2024,59043.5,2528.73,0.5695
29-08-2024,59369.85,2527.97,0.5622
30-08-2024,59129.05,2526.02,0.5667
31-08-2024,58989.17,2513.01,0.5663
01-09-2024,57313.44,2426.06,0.5474
02-09-2024,59147.8,2538.22,0.5677
03-09-2024,57481.84,2424.4,0.5572
04-09-2024,57975.52,2450.36,0.5581
05-09-2024,56167.4,2367.89,0.5443
06-09-2024,53954.33,2224.52,0.5211
07-09-2024,54167.82,2273.45,0.5249
08-09-2024,54879.33,2297.39,0.5295
09-09-2024,57056.31,2360,0.5396
10-09-2024,57642.43,2388.83,0.5408
11-09-2024,57354.27,2340.73,0.5349
12-09-2024,58140.61,2361.91,0.5627
13-09-2024,60548.12,2441.28,0.5731
14-09-2024,60013.26,2418.52,0.5959
15-09-2024,59139.21,2316.46,0.5707
16-09-2024,58210.01,2295.53,0.5866
17-09-2024,60321.59,2342.21,0.584
18-09-2024,61775.68,2375.01,0.5853
19-09-2024,62963.41,2465.83,0.5871
20-09-2024,63211.47,2561.88,0.5852
21-09-2024,63363.17,2613.27,0.5978
22-09-2024,63587.45,2581.43,0.5873
23-09-2024,63341.97,2647.17,0.5849
24-09-2024,64276.65,2653.41,0.5913
25-09-2024,63144.83,2579.69,0.5828
26-09-2024,65183.68,2632.81,0.5907
27-09-2024,65790.28,2695.48,0.5888
28-09-2024,65868.67,2676.03,0.6141
29-09-2024,65611.98,2658.08,0.6414
30-09-2024,63314.81,2601.63,0.6113
01-10-2024,60790.06,2447.54,0.5968
02-10-2024,60641.8,2363.64,0.5382
03-10-2024,60746.35,2349.81,0.522
04-10-2024,62094.06,2414.67,0.5341
05-10-2024,62059.19,2414.79,0.5295
06-10-2024,62821.76,2439.96,0.5337
07-10-2024,62209.84,2422.14,0.5286
08-10-2024,62129.17,2439.67,0.5309
09-10-2024,60585.22,2368.44,0.524
10-10-2024,60280.38,2384.4,0.5301
11-10-2024,62517.42,2439.03,0.5386
12-10-2024,63197.03,2475.93,0.5393
13-10-2024,62854.48,2468.12,0.5317
14-10-2024,66068.25,2629.02,0.5482
15-10-2024,67064.69,2606.92,0.5417
16-10-2024,67614.71,2610.95,0.5482
17-10-2024,67408.87,2605.1,0.544
18-10-2024,68425.63,2642.22,0.5467
19-10-2024,68370.04,2648.12,0.5441
20-10-2024,69020.94,2746.4,0.5481
21-10-2024,67358.14,2665.9,0.5447
22-10-2024,67390.32,2621.31,0.5336
23-10-2024,66612.97,2522.33,0.5254
24-10-2024,68163.56,2534.54,0.5319
25-10-2024,66577.77,2436.2,0.5013
26-10-2024,67014.72,2479.7,0.5129
27-10-2024,67945.14,2505.21,0.5163
28-10-2024,69925.83,2565.82,0.5192
29-10-2024,72723.67,2638.16,0.5284
30-10-2024,72331.96,2658.35,0.5228
31-10-2024,70207.54,2515.04,0.5089
01-11-2024,69473.41,2510.39,0.5128
02-11-2024,69354.01,2493.41,0.5103
03-11-2024,68747.04,2456.66,0.5028
04-11-2024,67811.95,2396.87,0.5032
05-11-2024,69378.09,2422.4,0.5141
06-11-2024,75643.57,2724.61,0.5425
07-11-2024,75922.41,2897.52,0.556
08-11-2024,76562.31,2963.98,0.5541
09-11-2024,76716.41,3127.99,0.5596
10-11-2024,80429.43,3186.06,0.5889
11-11-2024,88758.31,3375.79,0.6217
12-11-2024,88040.54,3247.18,0.7051
13-11-2024,90498.51,3191.32,0.6909
14-11-2024,87334.19,3059.11,0.7737
15-11-2024,91058.92,3091.03,0.8928
16-11-2024,90630.94,3134.46,1.121
17-11-2024,89877.16,3076.78,1.054
18-11-2024,90514.83,3209.54,1.115
19-11-2024,92418.48,3112.1,1.102
20-11-2024,94379.92,3072.39,1.105
21-11-2024,98436.25,3359.82,1.248
22-11-2024,99010.89,3331.89,1.474
23-11-2024,97765.04,3397.31,1.47
24-11-2024,98018.2,3364.81,1.434
25-11-2024,93019.38,3414.86,1.414
26-11-2024,91903.89,3323.46,1.398
27-11-2024,95957.51,3657.71,1.471
28-11-2024,95670.41,3579.62,1.543
29-11-2024,97510.92,3593.72,1.802
30-11-2024,96473.51,3706.22,1.953
01-12-2024,97276.47,3710.38,2.296
02-12-2024,95859.75,3644.73,2.728
03-12-2024,95928.37,3617.6,2.512
04-12-2024,98751.87,3845.15,2.362
05-12-2024,97053.82,3789.23,2.247
06-12-2024,99897.97,4005.27,2.43
07-12-2024,99926.38,4000.53,2.612
08-12-2024,101189.81,4007.11,2.604
09-12-2024,97338.34,3714.19,2.214
10-12-2024,96657.88,3630.62,2.373
11-12-2024,101203.07,3834.97,2.396
12-12-2024,100041.98,3882.65,2.339
13-12-2024,101429.78,3907.67,2.423
14-12-2024,101402.95,3869.58,2.4
15-12-2024,104424.54,3957.8,2.446
16-12-2024,106089.2,3987.5,2.485
17-12-2024,106140.14,3893.55,2.567
18-12-2024,100147.26,3624.67,2.309
19-12-2024,97381.1,3414.47,2.237
20-12-2024,97769.49,3470.82,2.279
21-12-2024,97223.39,3337.38,2.236
22-12-2024,95098.66,3278.9,2.201
23-12-2024,94771.64,3418.24,2.259
24-12-2024,98606.93,3491.08,2.322
25-12-2024,99356.06,3494.17,2.296
26-12-2024,95680.19,3331.04,2.154
27-12-2024,94170.09,3328.67,2.143
28-12-2024,95140.15,3397.86,2.181
29-12-2024,93564.85,3350.43,2.091
30-12-2024,92646.21,3356.45,2.055
31-12-2024,93391.98,3331.15,2.08
01-01-2025,94392.51,3353.28,2.328
02-01-2025,96900.96,3452.59,2.401
03-01-2025,98135.8,3607.83,2.453
04-01-2025,98213.69,3656.45,2.419
05-01-2025,98346.97,3635.29,2.399
06-01-2025,102282.2,3688.83,2.421
07-01-2025,96942.47,3380.43,2.271
08-01-2025,95051.06,3326.54,2.373
09-01-2025,92548.12,3219.05,2.273
10-01-2025,94710.29,3266.41,2.341
11-01-2025,94569.95,3281.96,2.576
12-01-2025,94505.67,3266.23,2.503
13-01-2025,94517.66,3136.46,2.523
14-01-2025,96526.87,3224.35,2.668
15-01-2025,100510.84,3451.52,3.143
16-01-2025,99979.43,3307.52,3.243
17-01-2025,104111.13,3475.27,3.294
18-01-2025,104431.52,3304.42,3.266
19-01-2025,101212.56,3210.82,2.955
20-01-2025,102148.74,3280.4,3.102
21-01-2025,106155.61,3327.64,3.175
22-01-2025,103669.08,3241.51,3.178
23-01-2025,103933.88,3338.7,3.12
24-01-2025,104854.78,3309.74,3.101
25-01-2025,104733.15,3318.45,3.107
26-01-2025,102576.93,3231.79,3.022
27-01-2025,102065.72,3181.65,3.055
28-01-2025,101284.47,3075.83,3.056
29-01-2025,103742.97,3114.1,3.068
30-01-2025,104739.58,3247.4,3.128
31-01-2025,102412.41,3300.04,3.035
01-02-2025,100619.87,3116.61,2.878
02-02-2025,97665.06,2869.16,2.58
03-02-2025,101451.28,2883.08,2.704
04-02-2025,97794.88,2732.09,2.528
05-02-2025,96633.71,2788.52,2.381
06-02-2025,96564.27,2686.96,2.326
07-02-2025,96532.73,2622.67,2.398
08-02-2025,96475.59,2632.76,2.42
09-02-2025,96485.6,2627.84,2.394
10-02-2025,97458.59,2661.94,2.424
11-02-2025,95781.05,2602.22,2.413
12-02-2025,97874.61,2738.57,2.474
13-02-2025,96632.78,2676.25,2.56
14-02-2025,97508.71,2726.02,2.739
15-02-2025,97596.21,2693.56,2.762
16-02-2025,96132.69,2661.59,2.729
17-02-2025,95790.31,2744.13,2.66
18-02-2025,95630.67,2670.43,2.561
19-02-2025,96640.99,2715.47,2.738
20-02-2025,98345.66,2738.98,2.689
21-02-2025,96150.27,2661.6,2.571
22-02-2025,96580.46,2763.54,2.574
23-02-2025,96274.12,2819.92,2.576
24-02-2025,91536.97,2513.65,2.277
25-02-2025,88609.26,2492.48,2.32
26-02-2025,84128.38,2333.12,2.196
27-02-2025,84657.34,2305.51,2.197
28-02-2025,84322.57,2236.53,2.145
01-03-2025,86050.58,2216.72,2.191
02-03-2025,94275.76,2518.51,2.94
03-03-2025,86158.95,2147.5,2.386
04-03-2025,87255.42,2171.13,2.454
05-03-2025,90610.8,2241.7,2.5
06-03-2025,89931.91,2202.6,2.6
07-03-2025,86766.61,2140.93,2.384
08-03-2025,86225,2203.24,2.325
09-03-2025,80719.05,2020.01,2.138
10-03-2025,78561.62,1864.38,2.02
11-03-2025,82919.47,1922.98,2.17
12-03-2025,83665.14,1907.9,2.239
13-03-2025,81081.43,1863.87,2.252
14-03-2025,83995.47,1911.53,2.356
15-03-2025,84355.92,1937.46,2.391
16-03-2025,82572.37,1886.94,2.294
17-03-2025,84025.12,1926.41,2.338
18-03-2025,82716.74,1931.53,2.285
19-03-2025,86878.5,2056.92,2.547
20-03-2025,84178.31,1982.66,2.435
21-03-2025,84060.48,1965.08,2.38
22-03-2025,83837.39,1980.4,2.371
23-03-2025,86091.67,2006.05,2.44
24-03-2025,87520.48,2081.53,2.45
25-03-2025,87439.7,2066.62,2.45
26-03-2025,86923.95,2009.64,2.349
27-03-2025,87218.89,2003.3,2.34
28-03-2025,84387.01,1896.15,2.206
29-03-2025,82625.65,1827.68,2.134
30-03-2025,82379.51,1807.48,2.137
31-03-2025,82539.52,1822.14,2.089
01-04-2025,85174.96,1905.23,2.139
02-04-2025,82490.58,1794.63,2.023
03-04-2025,83158.8,1816.31,2.064
04-04-2025,83860.21,1816.25,2.129
05-04-2025,83503.37,1805.19,2.143
06-04-2025,78365.57,1579.65,1.921
07-04-2025,79143.06,1552.42,1.898
08-04-2025,76255.1,1472.15,1.795
09-04-2025,82587.03,1669,2.052
10-04-2025,79554.96,1521.51,1.965
11-04-2025,83386,1566.02,2.022
12-04-2025,85272.12,1643.84,2.159
13-04-2025,83730.92,1597.18,2.119
14-04-2025,84575.75,1623.79,2.127
15-04-2025,83638.17,1588.7,2.084
16-04-2025,84029.4,1577.24,2.083
17-04-2025,84943.42,1583.68,2.067
18-04-2025,84459.96,1588.56,2.062
19-04-2025,85061.54,1612.74,2.087
20-04-2025,85167.14,1587.31,2.078
21-04-2025,87515.57,1579.7,2.085
22-04-2025,93483.3,1757.04,2.215
23-04-2025,93729.23,1795.87,2.219
24-04-2025,94022.48,1770.44,2.206
25-04-2025,94711.24,1785.94,2.183
26-04-2025,94663.66,1821.45,2.192
27-04-2025,93777.44,1791.85,2.253
28-04-2025,95035.06,1800.19,2.295
29-04-2025,94274.16,1798.47,2.239
30-04-2025,94186.14,1793.83,2.191
01-05-2025,96519.31,1838.83,2.213
02-05-2025,96925.07,1842.84,2.21
03-05-2025,95903.14,1833.95,2.188
04-05-2025,94394.09,1809,2.157
05-05-2025,94767.95,1820.05,2.131
06-05-2025,96835.87,1816.98,2.155
07-05-2025,97052.27,1811.34,2.127
08-05-2025,103259,2207.19,2.327
09-05-2025,102982.3,2345.32,2.344
10-05-2025,104814.08,2583.77,2.471
11-05-2025,104124.02,2514.75,2.368
12-05-2025,102802.44,2495.56,2.544
13-05-2025,104136.59,2680.04,2.583
14-05-2025,103543.76,2610.07,2.551
15-05-2025,103787.64,2549,2.386
16-05-2025,103499.6,2537.78,2.381
17-05-2025,103159.32,2476.16,2.354
18-05-2025,106488.62,2498.72,2.429
19-05-2025,105618.19,2528.66,2.381
20-05-2025,106875.88,2525.1,2.357
21-05-2025,109699.86,2552.21,2.396
22-05-2025,111722.11,2665.1,2.431
23-05-2025,107332.91,2526.9,2.297
24-05-2025,107779.46,2530.92,2.331
25-05-2025,109041.44,2552.23,2.343
26-05-2025,109461.24,2564.47,2.311
27-05-2025,108975.95,2662,2.318
28-05-2025,107821.11,2682.1,2.275
29-05-2025,105586.78,2631.82,2.245
30-05-2025,104039.27,2531.79,2.141
31-05-2025,104654.65,2529.32,2.175
01-06-2025,105702.19,2540.45,2.181
02-06-2025,105908.79,2609.07,2.197
03-06-2025,105447.66,2594.88,2.246
04-06-2025,104746,2608.28,2.202
05-06-2025,101580.61,2415.85,2.095
06-06-2025,104392.54,2478.31,2.162
07-06-2025,105625.23,2526.17,2.178
08-06-2025,105779.28,2510.78,2.268
09-06-2025,110302.12,2681.27,2.321
10-06-2025,110296.2,2816.15,2.307
11-06-2025,108676.78,2772.57,2.271
12-06-2025,105726.04,2644.51,2.191
13-06-2025,106121.08,2580.25,2.149
14-06-2025,105481.13,2532.75,2.14
15-06-2025,105625.23,2548.41,2.166
16-06-2025,106855.39,2545.23,2.239
17-06-2025,104598.68,2510.96,2.16
18-06-2025,104927.87,2525.85,2.171
19-06-2025,104699.72,2521.84,2.165
20-06-2025,103313.31,2407.22,2.12
21-06-2025,102165.68,2296.94,2.064
22-06-2025,101015.42,2228.57,2.019
23-06-2025,105423.73,2413.17,2.16
24-06-2025,106133.25,2449.69,2.191
25-06-2025,107399.88,2420.23,2.187
26-06-2025,107012.17,2417.5,2.106
27-06-2025,107105.16,2424.42,2.143
28-06-2025,107346.44,2437.55,2.186
29-06-2025,108391.87,2501.26,2.207
30-06-2025,107169.82,2486.37,2.237
01-07-2025,105724.18,2405.7,2.172
02-07-2025,108886.62,2571.33,2.234
03-07-2025,109638.97,2592.04,2.257
04-07-2025,108027.71,2508.69,2.221
05-07-2025,108244.51,2517.09,2.218
06-07-2025,109233.93,2571.14,2.272
07-07-2025,108277.16,2542.5,2.271
08-07-2025,108955.05,2616.29,2.311
09-07-2025,111291.7,2769.99,2.405
10-07-2025,116023.34,2951.31,2.547
11-07-2025,117573.92,2959.03,2.733
12-07-2025,117468.16,2944.27,2.74
13-07-2025,119127.66,2973.01,2.837
14-07-2025,119869.01,3014.66,2.959
15-07-2025,117777.9,3139.33,2.92
16-07-2025,118700.37,3373.1,3.039
17-07-2025,119282.74,3479.48,3.484
18-07-2025,118025.92,3549.56,3.416
19-07-2025,117913.27,3594.34,3.427
20-07-2025,117328.61,3758.64,3.456
21-07-2025,117441.75,3764.26,3.552
22-07-2025,120023.5,3748.64,3.552
23-07-2025,118808.78,3630.21,3.186
24-07-2025,118397.33,3708.76,3.147
25-07-2025,117644.11,3726.01,3.143
26-07-2025,117971.27,3742.79,3.167
27-07-2025,119468.71,3874.12,3.24
28-07-2025,118059.92,3798.95,3.123
29-07-2025,117942.11,3793.46,3.128
30-07-2025,117853.3,3810.29,3.096
31-07-2025,115765.36,3698.19,3.023
01-08-2025,113263.48,3487.02,2.96
02-08-2025,112546.32,3393.4,2.769
03-08-2025,114238.83,3497.6,2.949
04-08-2025,115065.9,3720.93,3.072
05-08-2025,114127.63,3611.81,2.962
06-08-2025,115038.45,3684.11,2.991
07-08-2025,117522.28,3911.67,3.32
08-08-2025,116692.86,4010.54,3.286
09-08-2025,116501.28,4262.92,3.227
10-08-2025,119311.7,4252.23,3.188
11-08-2025,118714.58,4224.95,3.13
12-08-2025,120128.24,4589.8,3.267
13-08-2025,123374.56,4751.85,3.276
14-08-2025,118391.59,4550.57,3.082
15-08-2025,117440.09,4443.12,3.08
16-08-2025,117469.52,4425.22,3.107
17-08-2025,117488,4475.46,3.09
18-08-2025,116292.15,4315.29,3.062
19-08-2025,112870.67,4075.7,2.86
20-08-2025,114291.37,4336.33,2.951
21-08-2025,112491.84,4224.96,2.851
22-08-2025,116909.79,4830.6,3.073
23-08-2025,115391.76,4777.18,3.048
24-08-2025,113486.67,4780,3.025
25-08-2025,110150.15,4377.67,2.859
26-08-2025,111805.93,4601.95,3.013
27-08-2025,111276.98,4507.43,2.969
28-08-2025,112582.21,4512.13,2.966
29-08-2025,108393.15,4360.69,2.82
30-08-2025,108833.53,4374.94,2.818
31-08-2025,108273.72,4392.43,2.776
01-09-2025,109256.28,4314.85,2.758
02-09-2025,111245.94,4326.52,2.862
03-09-2025,111751.51,4452.33,2.845
04-09-2025,110732.33,4298.54,2.795
05-09-2025,110676.99,4307.57,2.814
06-09-2025,110230.16,4274.53,2.81
07-09-2025,111143.24,4306.18,2.877
08-09-2025,112089.06,4306.62,2.97
09-09-2025,111549.14,4310.1,2.947
10-09-2025,113988.2,4350.1,2.984
11-09-2025,115537.84,4461.11,3.041
12-09-2025,116116.26,4715.14,3.107
13-09-2025,115971.92,4669.05,3.121
14-09-2025,115351.87,4606.66,3.029
15-09-2025,115401.06,4525.27,2.997
16-09-2025,116838.31,4503.26,3.038
17-09-2025,116488.17,4592.35,3.085
18-09-2025,117126.46,4589.64,3.074
19-09-2025,115701.97,4471.56,2.991
20-09-2025,115756.07,4482.83,2.977
21-09-2025,115299.83,4447.53,2.972
22-09-2025,112747.85,4202.86,2.855
23-09-2025,112043.66,4165.7,2.825
24-09-2025,113360.69,4154.6,2.926
25-09-2025,109061.11,3876.07,2.745
26-09-2025,109723.94,4034.83,2.785
27-09-2025,109402.14,3994.24,2.774
